TrayCustomerID,CustomerNo,Destination,Address,Client,Sub,PhoneNumber,FAX,Remarks,FolderLink,UpdatedAt,UpdatedBy
1,11,ＳＭＫ（株）ひたち　　,*,ＳＭＫ（株）　崎村,ＦＣ生産技術部　　田辺　治雄,0293-20-2140,,,,,
2,111,ＳＭＫ（株）　本社,*,ＳＭＫ（株）　崎村,ＦＣ設計　真野,*,,,,,
3,888,*,*,*,*,*,,,,,
4,999,後日確認,*,*,*,*,,,,,
5,A3C,エースリーシー・デザイン事務所,横浜市都筑区荏田南5-21-30  ｼｪﾙみずきが丘203号,A3C01,天野,045-948-0434,045-948-0454,,,,
6,AAK,（株）アーク　　RPT工場,山梨県富士吉田市小明見4252,AAK01,宮宅,0555-23-4325,0555-23-9203,,,,
7,AAK1,（株）アーク　　,〒190-0182　　東京都西多摩郡日の出町平井22-7,AAK01　,量産事業本部　量産事業部　生産Gr.　購買課,042-519-9821,042-519-9864,,,,
8,AAT,(株)エイアンドティー,〒252-0816　　神奈川県藤沢市遠藤2023-1,AAT01　　1334,購買Gr.　湘南ﾁｰﾑ　　昆野 様宛,0466-86-8682,0466-86-8748,,,,
9,AB,(株)エービー,〒969-0101　　福島県西白河郡泉崎村大字泉崎字上狐山2-1,AB01　　1034,兼子 様宛,0248-53-2043,,,,,
10,ACD,(株)エースキャド,〒155-0032　　東京都世田谷区代沢4-27-8 ｸｳｪｽﾄｽｸｴｱ1F,ACD01　　1259,安東 様宛,03-5433-6375,03-5433-6375,,,,
11,ADK,（株）エーディーケイ,大田区京浜島2-2-10,ADK01,*****,03-3790-1565,03-3790-0386,,,,
12,AND,(株)ｱﾄﾞﾆｸｽ,〒193-0931　　東京都八王子市台町4-45-15 ｱﾙｶﾃﾞｨｱ西八王子2F,ADN01　　1109,新家 様宛,0426-69-3060,0426-69-3061,,,,
13,ADO,アドバンテック   宮古工場,*,ＳＭＫ（株）杉村,*,*,,,,,
14,ADV,（株）アドバネクス   本社　　,*,ADV03,TTセンター　鈴木,*,,,,,
15,ADV1,（株）アドバネクス　　福島ファクトリー,*,ADV01,*,0247-72-6101,,,,,
16,ADV2,（株）アドバネクス　柏崎ファクトリー,新潟県柏崎市大字藤井字西沖1355,ADV02,猪俣,0257-24-2156,,,,,
17,ADV3,（株）アドバネクス　柏崎ファクトリー,新潟県柏崎市大字藤井字西沖1355,ADV02,第一工場,0257-24-2141,0257-22-3320,,,,
18,ADV4,（株）アドバネクス　柏崎ファクトリー,新潟県柏崎市大字藤井字西沖1355,ADV02,ロジスティックス　アソシエイツ　田中,0257-22-2746,*,,,,
19,ADV5,（株）アドバネクス　柏崎ファクトリー,新潟県柏崎市大字藤井字西沖1355,ADV02,*,*,*,,,,
20,ADV6,（株）アドバネクス　東京ロジスティクスセンター,東京都荒川区町屋7-6-4,ADV03,D2アソシエイツ　井村,03-3809-4832,03-3809-4839,,,,
21,ADV7,（株）アドバネクス　柏崎ファクトリー,新潟県柏崎市大字藤井字西沖1355,ADV02,第三工場,0257-24-2141,0257-22-6261,,,,
22,ADV8,（株）アドバネクス　柏崎ファクトリー,〒945-0193　　新潟県柏崎市大字藤井字西沖1287-1,ADV02,第二工場　　坂牧 様宛,0257-24-2419,0257-22-1580,,,,
23,ADV11,（株）ｱﾄﾞﾊﾞﾝﾃｽﾄﾃﾞｨｰｱｲ,埼玉県北埼玉郡大利根町新利根1-4-4,NPC01,資材部 購買課  岡安,0480-72-7069,,,,,
24,AFM,（株）ｴｰｴﾌｴﾑｼｰ,神奈川県横浜市港北区新羽町165,AFM01,高橋,045-532-0041,045-532-0091,,,,
25,AHN,（株）朝比奈　本社,町田市成瀬5223,*,島田,042-722-1901,,,,,
26,AHP,(株)アサヒプレシジョン　本社,〒949-5411　　新潟県長岡市来迎寺1750-1,AHP01　　995,製造部　　佐藤 様宛,0258-92-6440,0258-92-6443,,,,
27,AIDK,アイデックス（株）　,秋田県鹿角市十和田山根字上ノ平1番地,NPC01,組立1課  近藤,0186-35-5111,,,,,
28,AIDS,アイデックス（株）　,秋田県鹿角市十和田山根字上ノ平1番地,NPC01,組立1課  柴田,0186-35-5111,,,,,
29,AIDY,アイデックス（株）　,秋田県鹿角市十和田山根字上ノ平1番地,NPC01,組立1課  湯沢,0186-35-5111,,,,,
30,AIH,(有)相原製作所,〒343-0115　　埼玉県葛飾郡松伏町上赤岩1683-1,AIH01　　1356,飯塚 様宛,048-991-8984,048-991-8985,,,,
31,AIN,(株)ｱｲﾝ,〒391-0213　　長野県茅野市豊平374-2,AIN01　　1033,営業部　　金丸 様宛,0266-72-7165,0266-73-5031,,,,
32,AIS,(株)ｱｲｾｽ,〒018-1512　秋田県南秋田郡井川町北川尻字下田面替場11-1,AIS01　　1136,資材　　高橋 様宛,018-874-3252,018-874-3242,,,,
33,AKK,朝日金属工業（株）,山形県長井市平山647-3,ＭＢＳ01,開発営業　　菅野,0238-84-1890,,,,,
34,AKM2,秋元製作所,〒340-0803　　埼玉県八潮市上馬場471-4,AKM02　1145,秋元 様宛,048-995-8715,048-995-8715,,,,
35,AKS,ｱｸｾﾌﾟﾄ 株式会社,埼玉県狭山市水野字月見野399,AKS01,藤岡,042-958-0037,042-958-3261,,,,
36,AKS2,明石石油(株),〒430-0944　　静岡県浜松市中区田町228-5,AKS02　　1128,営業部 第２課　　中村 様宛,053-453-5772,053-452-5976,,,,
37,AKT,（株）アクト ・ジャパン　伊那工場,長野県上伊那郡南箕輪村6213,KBY02  小林精工,細野,0265-74-9322,,,,,
38,ALF,(株)アルファクト,"〒2220033　横浜市港北区新横浜3-20-8　
ベネックスＳ-3　4F",ALF01,長瀬 様宛,045-470-7066,045-475-3392,,,,
39,ALM,(株)アラマキ　配送センター,〒329-0911　　栃木県宇都宮市問屋町3172-66,ALM01　　1201,神山 様宛,028-656-2631,028-656-2860,,,,
40,ALP,ｱﾙﾌﾟｽ電気(株),〒989-6181　　宮城県大崎市古川中里6-3-36,ALP01　　1099,技術本部 M8技術部　　時田 様宛,0229-23-5111,0229-23-5107,,,,
41,ALP2,ｱﾙﾊﾟｲﾝﾌﾟﾚｼｼﾞｮﾝ(株),〒979-3131　　福島県いわき市平赤井字反町48-1,ALP02　　1247,意匠生産技術Gr.　開発ﾁｰﾑ　和田 様宛,0246-21-0008,0246-21-0108,,,,
42,ALJ,アレントジャパン(株),〒254-0082　　神奈川県平塚市東豊田480-28,ALJ01　　1411,アルファ事業部 JRC　　村上 様宛,0463-53-3333,0463-53-3311,,,,
43,AMEC1,三晶MEC（株）　有金工場,*,AMP  B伝,*,0764-75-6611,,,,,
44,AMEC2,三晶MEC（株）　本社工場,富山県滑川市中新1029-1,A伝　本間,吉田,0764-75-7195,,,,,
45,AMG,(有)ｱﾂﾞﾏ合成樹脂,〒254-0032　　神奈川県平塚市八千代町19-25,AMG01　　1209,山崎 様宛,0463-21-4096,0463-21-4036,,,,
46,AMP1,タイコ　エレクトロニクス　ジャパン合同会社,,A伝,川崎エンジニアリングセンター,044-900-5196,,,,,
47,AMP2,タイコ　エレクトロニクス　ジャパン合同会社,川崎市多摩区登戸3816,A伝,KEC  梱包技術課　　勝俣,044-900-5196,,,,,
48,AMP3,タイコ　エレクトロニクス　ジャパン合同会社,梱包技術課　　小林　康浩,A伝,川崎エンジニアリングセンター,044-900-5196,,,,,
49,AMP4,タイコ　エレクトロニクス　ジャパン合同会社,CC&CE ﾓｰﾙド技術　　小尾,A伝    勝俣,川崎エンジニアリングセンター,044-900-5010,,,,,
50,AMP5,タイコ　エレクトロニクス　ジャパン合同会社,インダストリアル本部　製造技術課　青木,A伝,川崎エンジニアリングセンター,044-900-5035,,,,,
51,AMP6,タイコ　エレクトロニクス　ジャパン合同会社,VAO統括部　基板技術部　技術課　網倉,A伝　,川崎エンジニアリングセンター,*,,,,,
52,AMP7,タイコ　エレクトロニクス　ジャパン合同会社,川崎市多摩区登戸3816,A伝　平井,インダストリアル本部　技術2課　菅波,044-900-5076,,,,,
53,AMP8,タイコ　エレクトロニクス　ジャパン合同会社,インダストリアル本部　第2技術部　佐々木,A伝,川崎エンジニアリングセンター,044-900-5076,,,,,
54,AMP9,タイコ　エレクトロニクス　ジャパン合同会社,川崎市多摩区登戸3816,A伝　平井,インダストリアル本部　生産技術管理課　平井,044-900-5035,,,,,
55,AMP10,タイコ　エレクトロニクス　ジャパン合同会社,新製品管理課　吉村,A伝    勝俣,川崎エンジニアリングセンター,044-900-5196,,,,,
56,AMP11,タイコ　エレクトロニクス　ジャパン合同会社,静岡県焼津市相川2002,AMP　小林,静岡第一工場 守衛留め:VAO課 杉本課長,054-622-1133,054-622-1093,,,,
57,AMP12,タイコ　エレクトロニクス　ジャパン合同会社,*,AMP A伝　豊福,川崎エンジニアリングセンター,044-900-5196,,,,,
58,AMP13,タイコ　エレクトロニクス　ジャパン合同会社,TE-AMP  調達品ｸﾞﾙｰﾌﾟ　　山梨,*,*,*,,,,,
59,AMP14,タイコ　エレクトロニクス　ジャパン合同会社,インダストリアル本部　製造技術課　益子,A伝,川崎エンジニアリングセンター,044-900-5035,,,,,
60,AMP15,タイコ　エレクトロニクス　ジャパン合同会社,静岡県焼津市相川2002,AMP,静岡第1工場　カワイ様,054-622-1136,,,,,
61,AMP16,タイコ　エレクトロニクス　ジャパン合同会社,静岡県焼津市相川2002,B伝,静岡第1工場　受入様,054-622-1133,,,,,
62,AMP17,タイコ　エレクトロニクス　ジャパン合同会社,*,A伝,インダストリアル本部　生産技術管理課　張,044-900-5035,,,,,
63,AMP21,タイコ　エレクトロニクス　ジャパン合同会社,静岡県焼津市藤守　2824-1,Ｂ伝,静岡第２工場　受入係,054-622-7000,,,,,
64,AMP22,タイコ　エレクトロニクス　ジャパン合同会社,静岡県焼津市藤守　2824-1,三晶技研（株）,静岡第２工場　ﾓｰﾙﾄﾞ　末松,054-622-9791,,,,,
65,AMP23,タイコ　エレクトロニクス　ジャパン合同会社,静岡県焼津市藤守　2824-1,A伝　購買  小泉,静岡第２工場　ﾓｰﾙﾄﾞ技術　増田,054-622-9791,,,,,
66,AMP24,タイコ　エレクトロニクス　ジャパン合同会社,静岡県焼津市藤守　2824-1,A伝　購買  小泉,静岡第２工場　ME 高橋,054-622-1134,,,,,
67,AMP25,タイコ　エレクトロニクス　ジャパン合同会社,静岡県焼津市藤守　2824-1,AMP,静岡第２工場　製造技術課 高橋　勝利,054-622-1134,,,,,
68,AMP26,タイコ　エレクトロニクス　ジャパン合同会社,静岡県焼津市藤守　2824-1,AMP  逢澤  A伝,静岡第２工場　増田 博美課長,054-622-1134,,,,,
69,AMP27,タイコ　エレクトロニクス　ジャパン合同会社,静岡県焼津市藤守　2824-1,A伝　購買  小泉,静岡第２工場　ﾓｰﾙﾄﾞ　鈴木,054-622-9791,,,,,
70,AMP28,タイコ　エレクトロニクス　ジャパン合同会社,静岡県焼津市藤守　2824-1,AMP,静岡第２工場　第2成造部 増田,054-622-1134,,,,,
71,AMP29,タイコ　エレクトロニクス　ジャパン合同会社,静岡県焼津市藤守　2824-1,A伝　購買  野口,静岡第２工場　工程技術　田村,054-622-7009,,,,,
72,AMP30,タイコ　エレクトロニクス　ジャパン合同会社,自動車本部　製造技術部　組立技術課　高橋和弥,A伝　高橋,川崎エンジニアリングセンター,,,,,,
73,AMP31,タイコ　エレクトロニクス　ジャパン合同会社,静岡県焼津市大島1874-1,AMP01　B伝,静岡第２工場 受入係 松葉倉庫㈱　焼津倉庫,054-270-6821,,,,,
74,AMP32,タイコ　エレクトロニクス　ジャパン合同会社,〒436-0040　　静岡県掛川市菖蒲ヶ池100番地,AMP01　,掛川工場,0537-88-2300,,,,,
75,AND1,ｱﾝﾃﾞｽ電気（株）　青森工場,*,AND03,*,*,,,,,
76,AND2,ｱﾝﾃﾞｽ電気（株）　青森工場　桜田,青森県青森市富田3-8-31,AND03,*,017-782-1999,,,,,
77,AND3,ｱﾝﾃﾞｽ電気（株）　青森工場　,青森県青森市富田3-8-31,AND03,業務課　　坂本,017-782-1999,017-782-1651,,,,
78,AND4,ｱﾝﾃﾞｽ電気（株）　青森工場,*,AMP 勝俣,*,*,,,,,
79,AOM,青森　　桜総業,*,松南クラフトSON01,*,*,,,,,
80,AON,（株）青野工業,茨城県稲敷郡河内町金江津5505,大塚商店OTK02,鳥羽課長,0297-86-3661,,,,,
81,AON1,(株)青野工業,〒140-0015　　東京都品川区西大井6-7-2,AON01,,03-3776-3144,03-3776-3746,,,,
82,ARM2,(株)アロマ,〒999-7781　　山形県東田川郡庄内町余目字六人塚132-1,ARM02　　1400,工藤 様宛,0234-42-0655,0234-42-0589,,,,
83,ARS,(株)アローセブン,〒433-8122　　静岡県浜松市中区上島3-27-7,ARS01　　968,製造　鈴木 様宛,053-469-0031,053-469-0037,,,,
84,ARK,(有)荒川ﾊﾟｯｸ,〒116-0012　　東京都荒川区東尾久1-21-22,ARK01　　999,,03-3895-5589,03-3809-2889,,,,
85,ASA,（株）エイ･エス･エイ,愛知県愛知郡久手町長配1-721,ASA01,高野,0561-62-0533,0561-62-8830,,,,
86,ASH,（株）朝日ﾌﾟﾗｽﾁｯｸ　　,*,ASH01,*,*,,,,,
87,ASH2,（株）朝日ﾌﾟﾗｽﾁｯｸ   別棟（倉庫）,港北区新吉田町510-3,ASH01,中谷,045-593-2121,,,,,
88,ASH3,旭化工（株）,大阪市都島区友淵町3-9-8,日三化成NSK03,営業部 資材課 竹澤,06-6923-5722,,,,,
89,ASH04,(株)アサヒ,〒125-0042　　東京都葛飾区金町2-16-12,ASH04　　1431,保田 様,03-5699-6003,03-5699-6279,,,,
90,ASH4,（株）朝日,東京都荒川区町屋3-13-16,ASH02,柳沢,03-3895-7402,03-3892-7922,,,,
91,ASH5,（株）朝日   第二工場,東京都荒川区町屋4-32-5,ASH02,*,03-3819-9085,,,,,
92,ASH6,旭化工（株）,大阪市都島区友淵町3-9-8,小倉貿易OGR01,営業部 資材課 竹澤,06-6923-5722,,,,,
93,ASH7,（株）朝比奈　南成瀬工場,東京都町田市南成瀬4-19-3,AMP A伝　平井,五十嵐,042-722-1988,,,,,
94,ASH8,朝比奈（株）第2工場,東京都町田市南成瀬4-19-3,AMP 勝俣 A伝,斎藤,042-722-1988,,,,,
95,ASH9,（株）朝比奈　南成瀬工場,東京都町田市南成瀬4-19-3,AMP A伝　逢澤,五十嵐,042-722-1988,,,,,
96,ASH10,(株)朝日ﾗﾊﾞｰ　　白河工場,〒969-0101　　福島県西白河郡泉崎村大字泉崎字坊頭窪1番地,ASH03　　1037,遠藤 様宛,0248-53-4012,0248-53-4872,,,,
97,ASK3,(株)朝日化成,〒821-0012　　福岡県嘉麻市上山田211番地51,ASK03　　1344,横山 様,0948-53-0097,0948-53-2957,,,,
98,ATB,アートビーム(有),〒192-0042　　東京都八王子市中野山王1-6-6,ATB01　　1254,総務　　小川 様宛,042-622-7380,042-622-7481,,,,
99,ATG,旭テクノグラス（株）,静岡県榛原郡吉田町川尻3583-5,RGS04,開発部　佐野 一広様,03-5850-3011,03-5850-3065,,,,
100,ATMS,泰盟産業（株）　本社,川崎市中原区上丸子三王町2-1199,AMP  B伝,*,044-433-3946,,,,,
101,ATT,㈱アートテクノロジー,福井県鯖江市上河端町6-1-33,ATT01,,0778-54-8081,0778-54-8088,,,,
102,AXN,ｱｸｼｽ･ﾈｯﾄ(株),〒532-0011　　大阪府大阪市淀川区西中島７丁目14-35-603,AXN01　　1161,,06-4806-8570,06-4806-8572,,,,
103,AZM1,東工業,*,OCC01,*,*,,,,,
104,AZM2,東工業,*,三住ｹﾐｶﾙ SNS01,*,*,,,,,
105,BBJ,BBJﾊｲﾃｯｸ(株),〒330-0852　　埼玉県さいたま市大宮区大成町3-530-1日の出ﾋﾞﾙ3F,BBJ01　　1040,,048-654-2551,048-654-2571,,,,
106,BLS,(有)ブル精密　　本社・第一工場,〒323-1104　　栃木県栃木市藤岡町藤岡5057,BLS01　　1056,藤沼 様,0282-62-4006,0282-62-2568,,,,
107,BNS,(株)ベネッセ・ﾍﾞｰｽコム,岡山県岡山市北区南方3-7-17,BNS01,樋口,086-221-5258,086-221-5393,,,,
108,CBK,(株)中部工具,〒505-0046　　岐阜県美濃加茂市西町7-70,CBK01　　1338,岡崎 様宛,0574-25-4108,,,,,
109,CBT,(株)チバ・テクノ,〒012-0051　　秋田県湯沢市深堀字中川原116-7,CBT01　　1446,柴田 様宛,0183-73-0106,0183-73-0199,,,,
110,COK,中央工機株式会社,川崎市中原区北谷町6,COK01,*,044-522-2496,,,,,
111,COK2,中央工機株式会社(株),名古屋市昭和区高辻町4番3号,COK02,増田,052-889-1721,052-889-1738,,,,
112,COT,㈱コンテック,相模原市相模大野5-27-39,COT01　ｺﾝﾃｯｸ,林 様,042-766-5271,042-766-5257,,,,
113,CEJ1,㈱シチズン電子,山梨県富士吉田市上暮地1-23-1,CEJ01,,0555-23-4121,,,,,
114,CNG,(株)ちの技研,〒391-0213　　長野県茅野市豊平376-1,CNG01　　1057,技術部　　一色様宛,0266-72-5353,0266-72-0876,,,,
115,CNS,コーンズテクノロジー(株),〒105-0014　　東京都港区芝3丁目5番1号ｺｰﾝｽﾞﾊｳｽ,CNS01　　1074,電子部品事業部　電子ﾃﾞﾊﾞｲｽ営業部　橋元 様宛,03-5427-7565,03-5427-7572,,,,
116,CPL,日本電産コパル電子（株）田尻事業所,宮城県遠田郡田尻町沼部字新堀81-1,CPL01,回路部品事業部　購買SW,0229-39-2416,0229-39-2538,,,,
117,CPT,ｷｬﾋﾟﾀﾙ,〒350-1155　　埼玉県川越市下赤坂751-11,CPT01　　1022,遠藤 様宛,049-262-8208,049-262-8201,,,,
118,CRS,㈱クリスタル光学,滋賀県大津市真野大野,CRS01 ｸﾘｽﾀﾙ光学,石塚,077-572-4848,077-572-4858,,,,
119,CRS2,(株)ＣＲＯＳＳ横浜,〒221-0863　　神奈川県横浜市神奈川区羽沢町1578-305,CRS02　1374,鈴木 様宛,045-459-9321,,,,,
120,CSM,(株)ｺｽﾓ･ﾊﾟﾜｰ,〒959-1303 新潟県加茂市後須田2254-1,CSM01　　1075,技術課　　佐々木 文雄 様宛,0256-53-0695,0256-53-0092,,,,
121,CSM2,(株)コスメ・プランニング,〒340-0011　　埼玉県草加市栄町1-6-20,CSM02　　,半田 様宛,048-930-0639,,,,,
122,CST,シーエステック(株),〒569-0078　　大阪府高槻市大手町3-60,CST04　　1025,開発営業部　　吉村 様宛,072-662-9191,072-662-9192,,,,
123,CUS,ｷｭﾘｱｽ精機(株),〒442-0061　　愛知県豊川市穂ノ原3丁目22-15,CUS01　　1172,柘植 様宛,0553-85-1155,,,,,
124,CYD4,千代田機工(株)　　横浜営業所,〒221-0841　　神奈川県横浜市神奈川区松本町5-38-10,CYD04　　989,角田 様宛,045-322-5912,045-322-5916,,,,
125,CYD5,千代田機工(株)　　熊谷営業所,〒360-0856　　埼玉県熊谷市別府5-93,CYD05　　1055,田中 様宛,048-532-0685,045-532-0680,,,,
126,DDK,第一電子工業（株）,栃木県真岡市松山町14,DDK01,多極製品開発部　永嶋　健一,0285-83-4799,0285-84-4401,,,,
127,DDL,(株)ディーディーエル,〒060-0035　　北海道札幌市中央区来た5条東2丁目1　AFTﾋﾞﾙ6F,DDL01　　1416,高木 様宛,011-206-8558,011-206-8559,,,,
128,DGK,(株)電子技研工業,〒182-0021　　東京都調布市調布ヶ丘3-2-1,DGK01　　1419,加藤 様宛,042-486-0775,042-486-6851,,,,
129,DIC,（株）大一,埼玉県入間市根岸15,DIC01,佐々木,042-934-8000,042-934-8008,,,,
130,DIC1,（株）大一,埼玉県入間市根岸15,DIC01,社長,042-934-8000,042-934-8008,,,,
131,DII,(株)第一　　西東京支社,〒190-0022　　東京都立川市錦町1-8-7立川錦町ビル,DII01　　985,長谷 様宛,042-524-0686,042-524-0484,,,,
132,DIK3,(株)ダイコー,〒140-0004　　東京都品川区南品川3-1-8,DIK03　　1355,佐竹 様宛,03-3474-1402,,,,,
133,DIM,(株)大妙,京都府京都市南区唐橋門脇町2,DIM01,大井 様宛,075-681-7964,075-691-2805,,,,
134,DIM2,(株)デイム,〒215-0023　　神奈川県川崎市麻生区片平6-7-15,DIM02　　1178,寺田 様,044-986-9415,044-986-9778,,,,
135,DIN2,ﾀﾞｲﾅｵｯｸｽ(株),〒659-0072　　兵庫県芦屋市川西町5-2,DIN02　1091　ﾀﾞｲﾅｵｯｸｽ㈱,中本 様宛,0797-38-6800,,,,,
136,DIS,(株)ﾀﾞｲｼﾝ,〒399-0711　　長野県塩尻市片岡今泉9828-15,DIS02　　976,百瀬,0263-53-4411,0263-53-4412,,,,
137,DIS3,大進段ボール(株),〒246-0038　　神奈川県横浜市瀬谷区宮沢3-22-1,DIS03　　1172,段ボール事業部　　三橋 様宛,045-303-8800,045-303-9181,,,,
138,DIW,（株）ダイワ化成,綾瀬市土棚中3-11-82,KYW02,*,0467-70-4189,,,,,
139,DIY01,ダイヤ精密(株),〒470-0131　　愛知県日進市岩崎町竹ノ山37番地104,DIY01,大矢 様宛,0561-72-1125,0561-74-2272,,,,
140,DKI,大研医器(株),〒594-1157　　大阪府和泉市あゆみ野２丁目６番２号,DKI01　　1324,研究部　キム 様宛,0725-51-2134,0725-54-3862,,,,
141,DKK,電気化学工業(株)　渋川工場,〒377-8520　　群馬県渋川市中村1135番地,DKK01　　1092,ｶﾞﾗｽ積層加工試験室　　栗原 様宛,0279-25-2137,0279-25-2149,,,,
142,DKY,大庫洋紙(株)　営業本部,〒587-0051　　大阪府堺市美原区北余部59-2,DKY01　　1086,事務課　生産管理係　　上床 様宛,072-361-4023,072-361-2522,,,,
143,DNP,大日本商事(株),〒102-8424　　東京都千代田区飯田橋2-1-11 DNP飯田橋ﾋﾞﾙ,DNP01　　1215,電子ｼｽﾃﾑ　　田中 様,03-3288-7606,03-3288-7233,,,,
144,DSK,(株)電子設計,〒480-0202　　愛知県西春日井郡豊山町豊場字流川117,DSK01　　1379,資材課　　村山 様宛,0568-28-4391,0568-28-2897,,,,
145,EFC2,(株)イフェクト,〒212-0032　　神奈川県川崎市幸区新川崎7-7-225　新産業創造ｾﾝﾀｰ,EFC02　　1234,桑田 様宛,044-201-1973,044-201-1974,,,,
146,EIT,八代電機㈱,横浜市鶴見区市場上町1-18,EIT01,茨田,045-501-5308,045-501-5769,,,,
147,EKS,（株）エクセル,相模原市橋本6-47-12,EKS01,鳴海,042-700-1662,042-700-1663,,,,
148,ELB,エレバム,*,SON01,野口,*,,,,,
149,ELB1,エレバム,*,SON01,平（たいら）,*,,,,,
150,ELN,(株)エラン,〒381-0031　　長野県長野市西尾張部1002-10,ELN01　　1258,森岡 様宛,026-239-7805,026-239-7810,,,,
151,ELS,ｴﾄﾞﾜｰｽﾞﾗｲﾌｻｲｴﾝｽ(株)　　,〒160-0023　　東京都新宿区西新宿6丁目10番1号,ELS01　　1162,安全管理部　　大川 様宛,03-6894-0500,03-6894-0899,,,,
152,EMY,(株)イーエムワイ,〒384-0414　　長野県佐久市下越132-5,EMY01　　1063,山田 様宛,0267-81-5177,0267-81-5181,,,,
153,ENA,(株)エナ,〒509-7201　　岐阜県恵那市大井町2695-733,ENA01　　1197,古畑 様宛,0573-26-3831,0573-25-6244,,,,
154,ENM,(株) エノモト,神奈川県津久井郡藤野町佐野川2350,AMP 勝俣 A伝,小俣工場長代理,0426-87-5111,0426-87-4878,,,,
155,ENP,㈱エンプラス,栃木県矢坂市片岡　2066番地2,TNX01,オプトプラニクス事業部　室井,0287-48-2440,,,,,
156,ENS,㈱遠州,〒438-0831　静岡県磐田市上新屋748,ENS01  1140,伊藤,0538-35-5170,0538-37-0830,,,,
157,EPE,(株)イーピーイ　　酒田営業所,山形県酒田市大宮町2-6-22,インテックス,村井所長,0234-26-6666,,,,,
158,EPX,(株)エピテックス,〒601-8034　　京都府京都市南区東九条南河辺町66-3,EPX01　　1363,佐伯 様宛,075-682-2338,075-682-2267,,,,
159,ERB1,(株)エレバム,,,佐藤,,,,,,
160,ESK,栄商金属(株),〒146-0092　　東京都大田区下丸子2-1-3,ESK01　1029,佐山 様宛,03-3759-1207,03-3759-1255,,,,
161,ESP,(有) エースプラスチック,東京都八王子市左入町111,小倉貿易（株）OGR01,,0426-91-7308,,,,,
162,EST,イースタン技研(株),〒242-0014　　神奈川県大和市上和田2666-2,EST01　　1429,電気接点事業部　中村様宛,046-201-0901,,,,,
163,ETK1,㈱エイト工業,横浜市港北区綱島東6-7-9,ETK01 ｴｲﾄ工業,,045-542-0117,045-544-1417,,,,
164,EXD,㈱エクセル電子,愛媛県松山市空港通4-6-2,EXD01,設計　渡部,089-972-8860,089-973-2880,,,,
165,EXD2,(株)エクセル電子　東京営業所,東京都品川区五反田5丁目5-1,EXD01,ﾃｸﾆｶﾙﾃﾞｻﾞｲﾝｾﾝﾀｰ　山口 様宛,03-3495-2235,03-3493-2049,,,,
166,EXD1,㈱エクセル電子,愛媛県松山市空港通4-6-2,EXD01,中屋,089-972-8860,*,,,,
167,EXP,(有)エクセルﾊﾟｰﾂ,〒520-3435　　滋賀県甲賀市甲賀町相模331,EXP01　　1088,中島 様宛,0748-88-5198,0748-88-6311,,,,
168,EZK,江崎工業(株),〒329-4306　　栃木県下都賀郡岩舟町大字曲ヶ島1932-1,EZK01　　1231,三木 様宛,0282-55-1511,0282-88-0367,,,,
169,FDK1,FDK株式会社,静岡県湖西市鷲津2281,FDK01  171,購買企画部　佐藤,053-576-2152,,,,,
170,FDK2,FDK株式会社,静岡県湖西市鷲津2281,*,Pプロ　梶本　雅俊,053-575-2617,,,,,
171,FDK3,FDK株式会社 　山陽工場,〒757-8585　　山口県山陽小野田市本町5区,FDK02　　950,圧電製造課　技術　　竹内 様宛,0836-71-0086,0836-72-1299,,,,
172,FDK4,FDK株式会社 　電子事業本部,〒431-0495　　静岡県湖西市鷲津2281,FDK01　　171,ﾊﾟﾜｰｺﾝﾎﾟｰﾈﾝﾄ事業部　YD開発Gr.　中村 様宛,053-575-2586,053-575-1496,,,,
173,FDK5,FDJｴﾅｼﾞｰ(株),〒431-0431　　静岡県湖西市鷲津614,FDK03　　1204,技術統括部　商品開発課　　石谷 様宛,053-576-5121,,,,,
174,FJD,（株）フジ電科,群馬県藤岡市鮎川757,FJD01,群馬工場　購買課　岡田,0274-24-2077,0274-24-2486,,,,
175,FJK,（株）青森フジクラ金矢,青森県上北郡六戸町金矢2-2,FJK05,光部品部生産管理課  伊藤 孝弘,0176-51-1304,0176-51-1103,,,,
176,FJK2,（株）フジクラ　　　光機器事業部　,千葉県佐倉市六崎1440,FJK04   ﾌｼﾞｸﾗ,光対応製品部　技術ｸﾞﾙｰﾌﾟ　林　和幸,043-484-3943,043-484-0987,,,,
177,FJK3,（株）フジクラ　　　光機器事業部　,千葉県佐倉市六崎1440,FJK04   ﾌｼﾞｸﾗ,光機開S  久保木　,043-484-0921,043-484-0987,,,,
178,FJS,(株)フジソレノイド,〒671-1534　　兵庫県揖保郡太子町福地793-1,FJS01　　1288,浅尾 様宛,079-276-3611,079-276-2050,,,,
179,FJT,（株）島根富士通,島根県簸川郡斐川町大字三絡1180-6,AMP 逢澤,製造技術部　狩野,0853-72-4223,,,,,
180,FJT1,富士通ﾏｲｸﾛﾃﾞﾊﾞｲｽ(株),〒222-0033　　神奈川県横浜市港区新横浜2-100-45　新横浜中央ビル13F,FJT01　　1110,首都圏営業部 第一版　　今吉 様宛,045-415-5891,045-415-5880,,,,
181,FKE,（株）深江工作所　豊津工場,福岡県京都郡みやこ町徳永1781,,今村,0930-33-3542,,,,,
182,FKE1,（株）深江工作所　豊津工場,福岡県京都郡みやこ町徳永1781,FKE01,岩本,0930-33-3542,0930-33-3570,,,,
183,FKG,(株)富士工業,〒028-1302　　岩手県下閉伊郡山田町豊間根7-4-10,FKG01　　1292,田鎖 様宛,0193-83-5963,0193-83-5552,,,,
184,FKJ,(有)福寿電気,〒965-0102　　福島県会津若松市真宮新町北2丁目98番地,FKJ01　　1418,永井 様宛,0242-58-3472,0242-58-3242,,,,
185,FKK,藤川金属工業(株),〒557-0032　　大阪府大阪市西成区旭2丁目8番9号,FKK02　　1073,角垣内 様宛,06-6562-4315,06-6568-2633,,,,
186,FLT,（株）フィルテック,*,AMP 清水　A伝,*,*,,,,,
187,FLX,ﾌﾚｯｸｽ･ﾃﾞｨｰ(株),〒729-5742　　広島県庄原市西城町中野313番地1,FLX01　　1069,村上 様宛,0824-82-2097,0824-82-2098,,,,
188,FN,(株)エフエヌ,〒259-0141　　神奈川県足柄上郡中井町遠藤301,FN01　　1395,石川,0465-81-1107,0465-81-2715,,,,
189,FNB,フナバシ工業,*,THD01,*,*,,,,,
190,FNI,船井電機(株),〒574-0013　　大阪府大東市中垣内7-7-1,FNI01　　1026,情報機器事業部 ﾗｲﾃｨﾝｸﾞｼｽﾃﾑ部　小林様,072-870-4327,,,,,
191,FJO,(株)フジ･オプティクス　　　,〒394-0002　　長野県岡谷市赤羽3-6-8 ㈱ｻｲﾊﾟｰｸ内,FJO01　　1008,若藤 様宛,0266-23-5222,0266-23-5117,,,,
192,FJP2,フジプラスチック工業(株),〒193-0834　　東京都八王子市東浅川町227,FJP02　　1098　,渡辺 様宛,042-663-0002,042-666-6042,,,,
193,FRY,（株）フルヤ,*,光和精工（株）KOW01,*,*,,,,,
194,FSO,(株)富創,〒400-0105　　山梨県甲斐市下今井1520,FSO01　　1093,瀧口 様宛,0551-28-2841,0551-28-4261,,,,
195,FSS,(株)福島製作所,〒333-0824　　埼玉県川口市赤芝新田254-1,FSS01　1090　㈱福島製作所,福島 様宛,048-296-6486,048-296-6492,,,,
196,ETS,デアルセンス(株) 高崎営業所,〒370-3104　　群馬県高崎市築縄町52-7,ETS01,業務,027-362-2091,027-370-0791,,,,
197,FTK,富士通化成（株）,栃木県小山市西黒田292,OTK02  大塚商店,小山事業所　岸,0285-41-6063,,,,,
198,FSG,(株)扶桑ゴム産業,〒734-0014　　広島県広島市南区宇品西二丁目16番40号,FYG01,製造部　矢野 様宛,082-251-8555,082-253-5964,,,,
199,GC,(株)ジーシー　デザイン部,〒174-8585　　東京都板橋区蓮沼町76-1,GC01　　　1353,機能包材課　　二瓶 様宛,03-3965-1277,03-3965-1392,,,,
200,GEN,ＧＥＮ(株),〒594-0031　　大阪府和泉市伏屋町2丁目3-35,GEN01　　1453,西元 様宛,072-556-7811,072-556-7812,,,,
201,GKU,技工(株),埼玉県熊谷市万吉3100,KBT01  (株)クボタ,*,048-536-1277,,,,,
202,GKU1,(株)ゴコウ,〒010-1653　　秋田県秋田市豊岩小山字狐森325,GKU01　　1159,佐藤 様宛,018-828-5505,018-828-5649,,,,
203,GMY,（株）五明紙器製作所,横浜市港北区新羽町2367,GMY01,,045-592-7311,045-592-7443,,,,
204,GNM,群馬精工株式会社　藤岡工場,群馬県藤岡市岡之郷652,SUW01,根本,0274-42-0888,0274-42-0987,,,,
205,GNM1,㈲グンマ化工,群馬県みどり市大間々町大間々2418-1,GNM01,,0277-72-0301,0277-72-0311,,,,
206,GMS,群馬精工(株),〒367-0247　　埼玉県児玉郡神川町元阿保1295-13,GMS01　　1218,藤田 様宛,0495-74-0885,,,,,
207,GOJ,（株）五事　　茨城工場,茨城県稲敷郡河内町長竿3283-1,GOJ01,*****,0297-60-5241,0297-60-5231,,,,
208,GPC,ｼﾞｰﾊﾟｯｸｽ(株),,GPC01　　1084,松葉 様,,,,,,
209,HAE,弘前航空電子㈱,〒036-8666　　青森県弘前市清野袋5-5-1,HAE01,購買　佐藤様宛,0172-39-1586,,,,,
210,HAT,(株)エイチ・アンド・ティー,〒610-0323　　京都府京田辺市水取梅ノ木峠74-4,HAT01　　1358,高橋 様宛,0774-65-0430,0774-65-0381,,,,
211,HDK,北埼ダンボール工業(株),〒361-0084　　埼玉県行田市南河原895,HDK01　　1317,加藤 様,048-557-2222,048-557-0177,,,,
212,HDR,(株)Ｈonda Ｌock　　広瀬工場,〒880-0293　　宮崎県宮崎市佐土原町下那珂2957-51,HDR01　　1031,管理課　　田崎 様宛,0985-73-5248,0985-73-6957,,,,
213,HES,北越商工(株),〒933-0011　　富山県高岡市石瀬853-3,HES01　　1198,三村 様宛,0766-25-2505,0766-21-8157,,,,
214,HGD,長谷川電機工業(株),〒661-0976　　兵庫県尼崎市潮江5-6-20 雷ﾃｸﾉﾛｼﾞｰｾﾝﾀｰ,HGD01　　1454,中江 様宛,06-6423-0797,06-6423-0785,,,,
215,HGW,(株)ハギワラ,〒224-0025　　神奈川県横浜市都筑区早渕1-1-13　早渕工業団地102,HGW01　　1368,萩原 様宛,045-512-7836,045-593-3245,,,,
216,HJR,(有) ひじり工研,東京都品川区平塚３－５－４,SMK01 ひたち 杉村様,*,03-3787-6400,,,,,
217,HKD,峰光電子(株),〒222-0001　　神奈川県横浜市港北区樽町2-3-1,HKD01　　203,白川 様宛,045-547-2651,045-547-2650,,,,
218,HKH,浜松キハン(株),〒435-0038　　静岡県浜松市南区三和町847,HKH01　　1312,天野 様宛,053-464-5101,053-463-7037,,,,
219,HKM,（株）北萌産業,北海道砂流郡門別町富川東4-4-32,HKM01,小野,01456-2-2545,,,,,
220,HKS,(有) ホクソウ,横浜市鶴見区獅子ヶ谷2-32-52,HKS01,北村,045-584-4811,045-584-4813,,,,
221,HKS2,(株)ホクシン,〒523-0891　　滋賀県近江八幡市鷹飼町1554-2,HKS02　　1202,高橋 様宛,0748-31-3665,0748-31-3615,,,,
222,HKS3,北港商事㈱,〒530-0001　　大阪市北区梅田1-3-1-1100　大阪駅前第一ビル11階,HKS03,宮川　様宛,06-6346-1221,06-6346-1225,,,,
223,HKK,㈱東北風,兵庫県明石市二見町南二見10-1,HKK01,梶原,078-943-8186,078-943-8187,,,,
224,HMK,浜松化学(株),〒433-8105　　静岡県浜松市三方原町１２８番地,HMK01　　1303,伊藤 様宛,053-437-3333,053-437-3811,,,,
225,HMP,浜松ホトニクス(株)　本社工場,〒435-0051　　静岡県浜松市東区市野町1126-1　,HMH01,第１１部門　林 様宛,053-434-3311,,,,,
226,HMP1,浜松ホトニクス（株）　本社工場,*,資材Ｇ小久江HMH01,固体事業部,*,,,,,
227,HMP2,浜松ホトニクス（株）　三家工場,*,資材Ｇ小久江HMH01,*,*,,,,,
228,HMP3,浜松ホトニクス（株）　市野工場,静岡県浜松市市野町1126-1,資材Ｇ小久江HMH01,生産管理ｸﾞﾙｰﾌﾟ　　大場 勝仁,053-434-3311,,,,,
229,HMP4,浜松ホトニクス（株）,静岡県浜松市市野町1126-1,YMS01,固体事業部開発部開発第3G  溝口 真規,053-434-3311,053-431-0235,,,,
230,HMS,浜商事(株),〒437-1302　　静岡県掛川市大渕9803-1,HMS01　954,包材部配送センター　　繁田 様宛,0537-48-6551,0537-48-2259,,,,
231,HNK,(株)ﾊﾙﾅ工業,〒230-0071　　神奈川県横浜市鶴見区駒岡2-8-53,HNK01　　1220,福籠 様宛,045-574-0531,045-571-1521,,,,
232,HNS,㈱H・Ｉシステック,熊本県合志市栄3792-109,HNS01,,096-248-4880,096-248-4819,,,,
233,HRK,(株)平川製作所,〒136-0073　　東京都江東区北砂6-27-26,HRK01　　997,倉田 様宛,03-3646-6888,03-3646-6598,,,,
234,HRH,平河ﾋｭｰﾃｯｸ(株),〒960-0719　　福島県伊達市梁川町やながわ工業団地1-2,HRH01　　1174,機器電線事業部　技術部　技術・開発Gr.　田中 様宛,024-577-1255,024-577-1214,,,,
235,HRZ2,(株)ホリゾン,〒145-0072　　東京都大田区田園調布本町29-6,HRZ02　　1347,堀川 様宛,03-3722-1051,03-3721-0398,,,,
236,HSD,（株）豊水電機研究所　埼玉工場,埼玉県入間郡三芳町上富1559-6,NPC01　森本,*,049-259-1811,,,,,
237,HSK,株式会社 ホープ精工　本社工場,埼玉県飯能市双柳1394-6,HSK01,*,042-973-3011,042-973-2030,,,,
238,HSK1,株式会社 ホープ精工　横浜営業所,横浜市都筑区富士見が丘14-6,HSK01,ｻﾝﾎﾜｲﾄ富士見が丘207,045-947-1023,045-947-1024,,,,
239,HSK2,株式会社 ホープ精工　川内工場(ｾﾝﾀﾞｲ）,鹿児島県薩摩川内市冷水町551-2,HSK01,*,0996-22-1314,0996-22-1049,,,,
240,HSN,星名産業安田工場,富山県滑川市有金柴320-24,三晶ＭＥＣ㈱TYM01,*,076-476-0801,,,,,
241,HSS,(有) 星産業,福島県岩瀬郡鏡石町桜岡375-5,SMKひたち 長山,小山工場長,0248-62-5141,0248-62-4863,,,,
242,HSS1,(有) 星産業,福島県岩瀬郡鏡石町桜岡375-5,SMKひたち 長山,橋本,0248-62-5141,0248-62-4863,,,,
243,HSS2,(有) 星産業,福島県岩瀬郡鏡石町桜岡375-5,SMKひたち 高橋,橋本,0248-62-5141,0248-62-4863,,,,
244,HSS3,(株)白山製作所,〒357-0022　　埼玉県飯能市新光１番地,HSS01　　1284,業務本部　光ﾌﾟﾛｼﾞｪｸﾄ　　吉越 様宛,042-974-3522,042-974-2621,,,,
245,HTB,(株)一橋,〒737-0161　　広島県呉市郷原町字一ノ松光山2507-923,ICH01　　1081,渡橋 様宛,0823-77-2500,0823-77-2501,,,,
246,HTC,（株）日立ﾊｲﾃｸﾏﾆｭﾌｧｸﾁｭｱｰ&ｻｰﾋﾞｽ,茨城県ひたちなか市堀口795-27,日立製作所HTC03,化成製造部 生産技術ｸﾞﾙｰﾌﾟ　佐々木 映,0292-75-5222,,,,,
247,HTC4,日立ｹｰﾌﾞﾙﾌﾟﾚｼｼﾞｮﾝ(株),〒992-1442　　山形県米沢市芳泉町901番地,HTC04　　1129,設計企画部　米沢製品設計課　　髙木 様宛,0238-38-2921,0238-38-6507,,,,
248,HTK,日立化成(株),〒16-0036　　茨城県日立市鮎川町3-3-1,HTC05　　1445,調達部 購買担当者 様,0294-38-6131,0294-38-6140,,,,
249,HTP,(有)常陸プレス工業所,〒309-1234　　茨城県桜川市阿部田399番地,HTP01　　1328,業務部　入江 様宛,0296-58-5252,0296-58-5858,,,,
250,HUY,(株)宝洋　　横浜支店,〒200-0002　　神奈川県横浜市西区南軽井沢13-2,HUY01　　231,中江 様宛,045-313-3415,045-313-3729,,,,
251,HWG,平和ｺﾞﾑ商工(株),〒971-8101　　福島県いわき市小名浜字吹松2-13,HWG01　　975,葛西 様宛,0246-54-5151,0246-52-0248,,,,
252,HXG,ヘキサゴン・メトロジー(株)　浜松事業所,〒434-0043　　静岡県浜松市浜北区中条674-1,HXG01　　1436,佐藤 様宛,053-584-6660,053-584-6659,,,,
253,HYK,(有)早川製作所,〒213-0032　　神奈川県川崎市高津区久地3-6-12,HYK01　　1207,長濱 様宛,044-811-2277,044-811-2276,,,,
254,HYM,(株)葉山電器製作所,〒514-2105　　三重県津市美里町五百野1285,HYM01　　1119,商品製造部　　塚脇 様宛,059-279-3131,059-279-3136,,,,
255,HYM2,葉山工業(有),〒224-0053　　横浜市都筑区池辺町3964,HYM02　　1280,佐川 様宛,045-482-9628,,,,,
256,HYS,(株)日吉製作所,〒223-0066　　神奈川県横浜市港北区高田西5-5-18,HYS01　　1437,工藤 様宛,045-591-6101,045-592-6974,,,,
257,HYT,林テレンﾌﾟ株式会社,愛知県豊田市亀首町町屋洞100番地ノ2,HYT 01,オプト事業部 研究・設計開発グループ　　志田,0565-45-7548,0565-45-7261,,,,
258,IAC,IACT･空南センター,千葉県山武郡芝山町岩山148-15ﾌﾟﾛﾛｼﾞｽﾊﾟｰｸ成田1F,AMP 本間 　A伝,今関,0479-78-8861,,,,,
259,IAC1,IACT･空南センター,千葉県山武郡芝山町岩山148-15ﾌﾟﾛﾛｼﾞｽﾊﾟｰｸ成田1F,AMP 勝俣 　A伝,今関係長,0479-78-8861,,,,,
260,IBR,茨城ＳＭＫ（株）,*,IBR01,根本,*,,,,,
261,IBR1,茨城ＳＭＫ（株）,*,IBR01,古谷,*,,,,,
262,IBR2,茨城ＳＭＫ（株）,*,IBR01,*,*,,,,,
263,ICK2,(有)一幸工業,〒125-0052　　東京都葛飾区柴又2-19-21,ICK02,品質管理課　土本 様宛,03-3600-8513,03-3608-4530,,,,
264,IGT,(株)井口商店,〒940-0012　　新潟県長岡市下々条4-1-1,IGT01　　1021,山本 様宛,0258-25-3250,0258-25-3255,,,,
265,IHK,稲畑香料(株),〒532-0027　　大阪府大阪市淀川区田川3-5-20,IHK01　　,製造課　　明石 様宛,06-6301-8995,,,,,
266,IRS1,㈱入曽精密,埼玉県入間市狭山ヶ原369-1,IRS01,中島,04-2934-4633,04-2934-4630,,,,
267,IKR,（株）育良精機製作所　　小山工場,栃木県小山市萱橋大杉浦652-2,IKR01,*,0285-49-1111,,,,,
268,IMC,(株)ｱｲ･ｴﾑ･ｼｰ,〒160-0023　　東京都新宿区西新宿6丁目10番1号,IMC01　　1267,勝野 様宛,03-5325-3077,03-5325-3087,,,,
269,ISB0,石橋理化工業（株）,栃木県河内郡上三川町上三川3426,OGR01  小倉貿易,堀,028-556-2441,,,,,
270,ISB,(株)イシバシ機工,〒518-0835　　三重県伊賀市緑ヶ丘南町3878-2,ISB01　　1407,尾崎 様宛,0595-24-1941,0595-24-1623,,,,
271,ISD,アイエスディ(株),〒363-0007　　埼玉県桶川市小針領家578番地,ISD01　　1321,芹澤 様宛,048-728-6611,,,,,
272,ISE,イセ（株）　　富山営業所,〒939-8251　　富山県富山市西荒谷543,ISE01　　1386,西野 様宛,076-429-7353,076-429-7354,,,,
273,ISI,石井ﾌﾟﾚｽ工業(株),〒343-0852　　埼玉県越谷市新川町1-23,ISI01　　1158,松崎 様宛,048-986-7151,048-987-9035,,,,
274,ISK3,石川電機(株),〒213-0004　　神奈川県川崎市高津区諏訪3-10-15,ISK03　　1046,資材部　　小見山 様宛,044-844-1251,044-844-4041,,,,
275,ISN,石巻パッケージ㈱,宮城県石巻市三河町8,ISN01,,0225-96-5811,0225-22-6980,,,,
276,IST,(株)石友,〒400-0811　　山梨県甲府市川田町アリア106,IST01　　978,開発部　　小林 孝至 様宛,055-220-1711,,,,,
277,ISZ,いすゞ自動車(株)　　藤沢工場,〒252-0881　　神奈川県藤沢市土棚8番地,ISZ01　　1176,新規事業開発部　保有事業Gr.　　山内 様,0466-45-2771,0466-45-7689,,,,
278,ITC,伊藤忠ﾌﾟﾗｽﾁｯｸｽ㈱,東京都渋谷区道玄坂1-12-1,ITC01,菊田,03-6415-3852,03-6415-3862,,,,
279,ITO,(有) アイティーオー,〒232-0064　　横浜市南区別所1-13-20-305,ITO01,代表取締役　伊東,045-713-5695,045-713-5695,,,,
280,ITS2,(株)ｱｲﾃｨｴｽｴﾝｼﾞﾆｱﾘﾝｸﾞ,〒198-0024　　東京都青梅市新町5-33-7　ITSEﾋﾞﾙ,ITS02　　1260,生産管理部　須崎 様宛,0428-30-1723,0428-30-1705,,,,
281,ITU,(株)伊藤製作所,〒399-4601　　長野県上伊那郡箕輪町大字中箕輪10320-9,ITU01　　254,新商品開発Gr.　　上田 様宛,0265-79-2370,0265-79-9098,,,,
282,IWN,(株)岩沼精工,宮城県岩沼市下野郷字大松原305-3,IWN01,,0223-29-2121,0223-29-2122,,,,
283,IWS,イワサキ通信工業(株),〒989-5625　　宮城県栗原市志波姫堀口十文字25-1,IWS01　　1455,*,0228-23-6881,0228-23-6581,,,,
284,IWT,磐田電工（株）,*,AMP  A伝,営業部　山本,*,,,,,
285,IWT2,岩田興産(株),〒368-0005　　埼玉県秩父市大野原1200,IWT02　1175,中川 様宛,0494-25-4034,0494-24-6325,,,,
286,IZD,泉電気(株),〒372-0031　　群馬県伊勢崎市今泉町2丁目821番地,IZD01　　1227,品質管理　　須藤 様宛,0270-23-4123,0270-23-4121,,,,
287,IZK,(株)石関工範,〒370-0071　　群馬県高崎市小八木町304番地3号,IZK01　　1444,石関 様,027-361-9121,027-362-9980,,,,
288,IZM,いずみ電機（株）,座間市ひばりが丘4丁目6166番地,ＳＭＫ（株）　野口,岡田工場長,046-251-0678,,,,,
289,JCT,ジャパンコンミュテーター(株),〒525-0001　　滋賀県草津市下物町20-1番地,JCT01　　1335,奥井 様宛,077-568-3611,,,,,
290,JED,上越電子工業(株),〒370-0871　　群馬県高崎市上豊岡町561-30,JED01　　1364,池田 様宛,027-344-2395,027-344-2396,,,,
291,JIC,（株）ｼﾞｬﾊﾟﾝｲﾝﾀｰﾅｼｮﾅﾙｺﾏｰｽ,〒150-0045　　東京都渋谷区神泉町21-3 渋谷YTビル02 5Ｆ,JIC01　　1346,村上 様,03-5790-2345,03-5790-2346,,,,
292,JKT,(株)ｼﾞｺｰﾃｯｸ,〒370-0702　　群馬県邑楽郡明和町上江黒339-1,JKT01　　1168,柏原 様宛,0276-70-1410,0276-74-4720,,,,
293,JLS,(株)ｼﾞｮﾙｿﾝ,〒158-0083　　東京都世田谷区奥沢5-29-7,JLS01　　1035,購買課　　佐藤 様宛,03-3722-8181,03-3722-8185,,,,
294,JOC,上智大学　理工学部,〒102-8554　　東京都千代田区紀尾井町7-1,JOC01　　982,機能創造理工学科　　菊池 様宛,03-3238-3323,03-3238-3321,,,,
295,JON,ＪＯＨＮＡＮ(株),〒571-0016　　大阪府門真市島頭3-8-10,JON01　　1443,的場 様宛,072-884-7733,072-884-0285,,,,
296,JJD,(株)十字電子,〒992-0004　　山形県米沢市窪田町小瀬172,JJD01　　1238,管理部　　情野 様,0238-37-3114,0238-37-3146,,,,
297,JKK,(株)樹研工業,〒441-8003　　愛知県豊橋市小向町字北小向140-1,JKK01　　1306,生産管理課　　新井 様宛,0532-31-2061,0532-31-0699,,,,
298,JSD,（有） 常創電子,福島県いわき市常盤西郷町落合265,SMK01  ひたち,箱崎,0246-72-0280,,,,,
299,JSD1,（有） 常創電子,福島県いわき市常盤西郷町落合265,SMK01,古泉,0246-72-0280,,,,,
300,KAR,(株)ケーアライバル,〒370-0045　　群馬県高崎市東町32　Takasaki紋屋ﾋﾞﾙ201,KAR01　　1362,清水 様,027-324-2995,027-324-2996,,,,
301,KBI,(有)久保井塗装工業所,〒350-1311　　埼玉県狭山市中新田1083-3,KBI01　　1406,窪井 様宛,04-2958-5763,,,,,
302,KBH,(株)小林包装,〒164-0012　　東京都中野区本町1-14-13,KBH01　　972,小林 様宛,03-3372-0255,03-3372-6299,,,,
303,KBS,（株）高分子技研,福島県いわき市常盤水野谷町亀ﾉ尾134-4,NPC01　北澤,草野ﾏﾈｰｼﾞｬｰ,0246-72-2173,,,,,
304,KBS1,小林製薬㈱　小林メディカルｶﾝﾊﾟﾆｰ,大阪市中央区今橋2-5-8　ﾄﾚｰﾄﾞﾋﾟｱ淀屋橋10F,KBS01,製品開発Gr.　下唐湊,06-6222-6180,06-6222-6181,,,,
305,KBT,（株）クボタ,川崎市多摩区宿河原7-16-35,KBT01,窪田,044-833-6355,044-822-0719,,,,
306,KBY2,（有）小林精工,*,KBY02,*,*,,,,,
307,KBY3,(有)小林製作所,〒312-0032　　茨城県ひたちなか市津田2031-134,KBY03　　1000,小林 様宛,029-272-0246,029-272-0280,,,,
308,KDC,(株)木立製作所,〒230-0024　　神奈川県横浜市鶴見区市場下町7番3号,KDC01　　1157,営業２課　　酒井 様宛,045-501-5188,045-501-2659,,,,
309,KDE,昭和KDE(株),〒107-0052　　東京都港区赤坂３丁目１７番１号KDG赤坂ビル4F,KDE01　　1054,技術開発Gr.　　水戸 様宛,03-3568-2291,03-3568-2298,,,,
310,KDE2,昭和KDE(株)　日光ﾌﾊﾞｻﾐ工場内,〒321-2344　　栃木県日光市猪倉2204,KDE02　　1107,技術ｾﾝﾀｰ　　高橋 様宛,0288-25-7460,0288-25-7461,,,,
311,KDH,共同包材(株),〒252-0002　　神奈川県座間市小松原2-17-8,KDH01　　1001,山田 様宛,046-253-0601,046-255-2221,,,,
312,KDM,コダマコーポレーション(株),〒205-0002　　東京都羽村市栄町3-3-9,KDM01　　1315,白倉 様宛,042-570-6891,042-570-6892,,,,
313,KDS,(有) 共同紙業,東京都品川区南大井5-20-12,KDS01,早川　清一,03-3763-3576,,,,,
314,KDS1,(有) 共同紙業,東京都品川区南大井5-20-12,*,*,*,,,,,
315,KDS2,(有) 共同紙業,東京都品川区南大井5-20-12,小倉貿易OGR01,早川　清一,03-3763-3576,,,,,
316,KDS02,(株)工藤ｽﾌﾟﾘﾝｸﾞ,〒143-0062　　東京都品川区小山5-7-15,KDS02　　1116,営業部　　山口 様宛,03-6905-9831,03-6905-9832,,,,
317,KDS22,（株）KDS  大分工場,大分県豊後大野市三重町西泉1541,OGR01,管理課　後藤,0974-22-3111,,,,,
318,KDY,(株)かどや,〒243-0426　　神奈川県海老名市門沢橋6-12-10,KDY01　948,,046-237-3773,046-237-3883,,,,
319,KEK,（株）協栄化学,川崎市幸区南加瀬5-5-30,*,営業技術部　山内部長,044-599-2111,044-599-2112,,,,
320,KES2,(株)康永精密,〒581-0039　　大阪府八尾市太田新町8-184,KES03　　1006,越智 様宛,0729-48-9251,0729-48-9252,,,,
321,KES,㈱共栄精機,東京都足立区中央本町2-24-13,KES01,小山,03-3852-1611,,,,,
322,KGK,甲賀高分子(株),〒530-0047　　大阪府大阪市北区西天満二丁目6番8号 堂島ﾋﾞﾙ5階,KGK01　　1428,平井 様,06-6364-1271,06-6364-6610,,,,
323,KGM,国上精機工業(株)　　新潟事業所,〒959-0137　　新潟県燕市源八新田457番地,KGM01　　1147,広川 様宛,0256-98-2511,0256-98-2026,,,,
324,KHN,㈱ケイヒン 新潟工場,〒959-1303 新潟県加茂市後須田608-7,KHN01  1058,仲野,0256-57-0101,0256-57-0270,,,,
325,KIK,小池製作所,東京都大田区西六郷2-22-10,KIK01,,03-3734-7092,,,,,
326,KIP,鴻池ﾌﾟﾗｽﾁｯｸ(株),〒578-0976　　大阪府東大阪市西鴻池町3-1-38,KIP01　　1148,井上 様,06-6745-0861,,,,,
327,KJM2,(株)小島商会,〒250-0004　　神奈川県小田原市浜町1-11-26,KJM02　　1341,杉本 様宛,0465-22-0236,0465-22-0231,,,,
328,KKG,(株)興国ゴム　　赤羽工場,〒115-0052　　東京都北区赤羽北2-30-1,KKG01　　1265,田所 様,03-3907-0151,03-3906-5044,,,,
329,KKS1,㈱菊池製作所,東京都八王子市美山町2161-12,KKS01,本社第3工場 根岸様,042-650-6484,042-650-5076,,,,
330,KKS2,㈱菊池製作所 福島工場,福島県相馬郡飯館村草野字向押25-1,KKS01,第4工場 成形 長井様,0244-42-0913,,,,,
331,KKN,コーケン化学株式会社,〒236-0004　　横浜市金沢区福浦3-11-5,KKN01,金子,045-785-5551,045-785-3336,,,,
332,KKN2,(株)光研,〒340-0004　　埼玉県草加市弁天2丁目1番4号,KKN02　　1122,製造部　　藤田 明宏 様宛,048-934-9582,048-932-2961,,,,
333,KKW,(有）吉川製作所,埼玉県川越市豊田　1-30-1,光和精工（株）KOW01,*,0492-41-6641,,,,,
334,KLE,(有)ケイエルイー,〒143-0011　　東京都大田区大森本町一丁目1番1-821,KLE01　　984,代表取締役　桐井 様宛,03-3768-0770,03-3768-1017,,,,
335,KMC,㈲ｹｰｴﾑｼｰ　,*,KMC01,高木,*,*,,,,
336,KMD,(株)亀田製作所,〒327-0102　　栃木県佐野市出流原町1672,KMD01　　1212,亀田 様宛,0283-25-0227,0283-25-0257,,,,
337,KME,(株)ｺｽﾒｯｸｴﾝｼﾞﾆｱﾘﾝｸﾞ,〒651-2241　　兵庫県神戸市西区室谷2丁目1番5号,KME01　　1300,八木 様宛,078-991-5118,,,,,
338,KMX,(有)ケイ・ミックス,愛知県春日井市大留町1-17-7,KMX01,爾見 様宛,0568-53-1666,0568-53-1655,,,,
339,KNC,コニカミノルタ(株),〒191-8511　　東京都日野市さくら町1番地,KNC01　　1216,荒木 様宛,042-589-8381,,,,,
340,KND3,神田工業(株)　　熊本工場,〒869-4213  熊本県八代市鏡町有佐1302番地　1号棟,KND03　　1049,田上　様,0965-52-1071,0965-52-1075,,,,
341,KND4,(株)カナデン,〒350-1117　　埼玉県川越市広栄町25-3,KND04　　1117,細沼 様,049-243-3525,049-245-9810,,,,
342,KNI,(株)クニイ,〒340-0822　　埼玉県八潮市大瀬349-1,KNI01,,048-998-6624,,,,,
343,KNK,(株)カネカ,〒530-8288　　大阪府大阪市北区中之島2-3-18　,KNK01　　1149,新規事業開発部 ｵﾌﾟﾄ事業化推進室　　藤原 様宛,06-6226-4263,06-6226-4719,,,,
344,KNN,江南ｼﾞｰﾃｯｸ(株),〒254-0016　　神奈川県平塚市東八幡5-11-14,KNN01　　979,購買課　　花井 様,0463-23-7733,0463-23-7753,,,,
345,KNO,ｸﾆｵ商産(株),〒430-0825　　静岡県浜松市下江町634,KNO01　　1213,金原 様宛,053-425-6261,053-425-6188,,,,
346,KNP,ｶﾈﾊﾟｯｹｰｼﾞ(株),〒358-0046　　埼玉県入間市南峯1095-15,KNP01　　1170,北條 様宛,04-2936-3031,04-2936-3036,,,,
347,KOA,(株)ｺｰｱ,〒036-8061　　青森県弘前市神田1-4-2,KOA01　　1229,一戸 様宛,0172-36-3170,0172-36-3171,,,,
348,KOD,（株）香田製作所,佐賀県佐賀郡大和町大字川上158-1,KOD01,香田,0952-62-7500,0952-62-7373,,,,
349,KOG,(株)興国ゴム　　赤羽工場,〒115-0052　　東京都北区赤羽北2-30-1,KOG01　　,品質管理課　　田所 様宛,03-3907-0151,,,,,
350,KOK3,光輝化成（株）　第二工場,横浜市都筑区折本町494-1,KOK03,*,045-474-3810,045-474-3815,,,,
351,KOR,（株）甲陵樹脂,横浜市港北区綱島東6-3-7,KOR01,*,045-543-3322,045-543-7455,,,,
352,KOS,(株)高速,〒192-8633　　東京都八王子市小門町53,KOS01　　1217,産業資材部　関東営業所　　尾崎 様宛,042-625-3333,042-623-1361,,,,
353,KOS2,(株)コーセツ,〒989-2361　　宮城県亘理郡亘理町泉ヶ入94-4,KOS02　　1441,柳田 様,0223-33-0977,0223-337978,,,,
354,KOW0,光和精工（株）本社,*,KOW01,*,*,,,,,
355,KOW1,光和精工（株）第1工場,*,KOW01,*,*,,,,,
356,KOW2,光和精工（株）第２工場,*,KOW01,*,*,*,,,,
357,KOY,（株）コーヨー,千葉県茂原市粟生野690-1,SON01,今野,0475-34-7510,,,,,
358,KPS,株式会社 KPS,京都府京都市伏見区三ッ杭町　28-6,松南クラフトSON01,業務課　　永井,075-646-3371,,,,,
359,KRB2,共立物産(株),〒939-2746　　富山件富山氏婦中町浜子1351,KRB02　　1150,中橋 様,076-465-5172,076-465-5173,,,,
360,KRD,黒田電気(株),東京都港区港南2-16-2太陽生命品川ビル21階,KRD04,若松,03-6716-0860,03-6716-0868,,,,
361,KRE,黒田テクノ（株）　山梨事業所,*,KRD02,*,*,,,,,
362,KRE1,黒田テクノ（株）　山梨事業所,*,KRD02,設計　　渡辺,*,,,,,
363,KRE2,黒田テクノ（株）　山梨事業所,*,KRD02,永松,*,,,,,
364,KRE3,城陽化成㈱,京都府城陽市平川広田91-9,WDD01,久保,0774-53-8996,,,,,
365,KRH,(株)栗原,〒361-0023　　埼玉県行田市長野1-48-14,KRH01　　1225,営業部　　星野様,048-554-1211,048-554-1215,,,,
366,KRP,ｸﾚﾎﾟ(株),〒569-0823　　大阪府高槻市芝生町１丁目57-1,KRP01　　1233,山本 様宛,072-677-7444,072-677-7446,,,,
367,KRS,(株)黒澤精機製作所,〒316-0004　　茨城県日立市東多賀町5-13-22　　,KRS01　　1165,髙野 様宛,0294-33-1853,0294-35-2440,,,,
368,KRS2,キリシマ精工(株),〒899-4303　　鹿児島県霧島市国分川原918-7,KRS02　　1307,長山 様宛,0995-73-4311,0995-73-4313,,,,
369,KSD,木下電子工業(株),〒617-0843　　京都府長岡京市友岡3丁目10番15号,KSD01　　977,購買部　　東本,075-951-1111,075-952-0400,,,,
370,KSE,川崎エコー（株）,東京都調布市富士見町2-1-2,KSE01,原田,0424-86-0323,0424-86-0324,,,,
371,KSE2,(株)川崎ｴﾝｼﾞﾆｱﾘﾝｸﾞ,〒799-2651　　愛媛県松山市堀江町2077番地7,KSE02　　1305,遠山様宛,089-978-4564,,,,,
372,KSG,柏原計器工業(株),〒582-0001　　大阪府柏原市本郷5丁目3番28号,KSG02　1182,川本 様宛,072-973-0601,072-973-0610,,,,
373,KSH,九州包装機材工業（株）,福岡県大野城市白木原4-13-43,OGR01,*,092-581-4464,,,,,
374,KSI2,(株)カサイ電子,〒930-0916　　富山県富山市向新庄町3-1-43,KSI02  1142,田村 工場長様宛,076-451-2298,076-451-3823,,,,
375,KSI3,(株)河西精機製作所,〒399-4601　　長野県上伊那郡箕輪町中箕輪4218,KSI03　　1376,久津川 様宛,0265-96-0090,0565-96-0818,,,,
376,KSI4,(株)カサイ,〒101-0043　　東京都千代田区神田富山町１４番地,KSI04　　1381,河西 様宛,03-3256-9045,03-3256-9047,,,,
377,KSM2,鹿島エレクトロニクス(株)　本社工場,〒370-3603　　群馬県北群馬郡吉岡町陣場203,KSM02　　1373,B棟3F 技術開発部 開発課　　鈴木 様宛,0279-54-5842,0279-54-8260,,,,
378,KSN,（株）キシノ,東京都八王子市小角町53,OGR01,*,0426-25-3333,,,,,
379,KSP1,（株）小林スプリング製作所　　本社　小井戸,〒171-0052　　東京都豊島区南長崎6-9-6,KBY01,*,03-3953-2181,03-3952-9958,,,,
380,KSP2,（株）小林スプリング製作所　小諸工場　受入,〒384-0048　　長野県小諸市大字滋野甲3942-1,KBY01,*,0267-22-1599,0267-23-7101,,,,
381,KSP3,（株）小林スプリング製作所　三芳工場　受入,〒354-0045　　埼玉県入間郡三芳町上富430-5,KBY01,*,049-257-0722,049-257-0725,,,,
382,KSS1,KSS粕川　　阿部,*,日清化成（NSK02),*,*,,,,,
383,KSS2,KSS粕川生産センター　　　,*,TMK02,車　広行,027-285-4345,,,,,
384,KSS3,関東三洋セミコンダクター,群馬県前橋市粕川町深津1820-1,TMK02,*,027-285-4345,,,,,
385,KSS4,(株)川島製作所　安達太良工場,〒969-1302　　福島県安達郡大玉村玉井字畑田37-31,KSS02　　1180,木村 仁 様宛,0243-68-2200,0243-68-2555,,,,
386,KTB,（株）寿製作所,福島県伊達郡霊山町上小国字杉の内47-4,KTB03,籏野,024-588-1006,024-571-5711,,,,
387,KTC,京都機械工具株式会社,京都府久世郡久御山町佐山新開地128,-,ﾊｲﾃｯｸ事業本部 成形組付G,0774-46-3720,0774-46-3738,,,,
388,KTE,(株)カテックスエンジニアリング,〒496-8003　　愛知県愛西市千引町北浦13番地,KTE01　　1203,猪子 様宛,0567-28-2311,0567-28-2319,,,,
389,KTG,（有） 片桐工業所,大阪府守口市南寺方東通2-1-5,日三化成NSK03,*,06-6993-5227,,,,,
390,KTK2,(株)Ｋﾃｯｸ,〒018-4211　　秋田県北秋田市川井字横呑沢5番地132,KTK02　　1183,中摩 様宛,0186-78-5228,0186-78-5229,,,,
391,KTS,(有)カトウ商工,〒581-0814　　大阪府八尾市楠根町2丁目20-14,KTS01　　1211,加藤 様宛,072-992-6114,072-992-7100,,,,
392,KTU,カトウスプリング（株）,新潟県柏崎市大字藤井西沖1355-2,FDK01,*,0257-21-3047,,,,,
393,KTU,（株）加藤電器製作所,山梨県南都留群富士河口湖町船津6106,SMK（株）FC設計 名倉,DU事業部　技術開発ｾﾝﾀｰ　萱沼,0555-72-6672,,,,,
394,KTU2,カトウスプリング（株）,新潟県柏崎市大字藤井西沖1355-2,KTU01,購買　近藤,0257-21-3012,0257-21-3022,,,,
395,KTU3,カトウスプリング（株）,新潟県柏崎市大字藤井西沖1355-2,KTU01,品田,0257-21-3012,0257-21-3022,,,,
396,KTY,片山鋲螺工業(株),〒343-0011　　埼玉県越谷市増林3640,KTY01　　1367,千葉 様宛,048-965-3744,048-965-3775,,,,
397,KUW,(株)光和化成製作所,川崎市宮前区野川131,KUW01,中里,751-6261,751-6260,,,,
398,KVK,(株)KVK　富加工場,〒501-33004　　岐阜県加茂郡富加町高畑字稲荷641,KVK01,富加継手課(組立)　　高橋　様宛,0574-55-1125,0574-55-1126,,,,
399,KWB,河辺プラスチック,*,RYK01,*,*,,,,,
400,KWD,（有）協和電子,*,光和精工（株）KOW01,*,*,,,,,
401,KWD1,協和電材(株),〒144-0045　　東京都大田区南六郷3-16-16,KWD01　　1139,佐々木 様宛,03-3734-3521,03-3735-1990,,,,
402,KWG,（株）川口義治商店,鳥取県鳥取市徳尾433-1,KWG01,*,0857-28-3870,0857-28-6108,,,,
403,KWI,（株）カワイ,川崎市高津区宇奈根784,KWI01,*,833-1140,833-1143,,,,
404,KWN,桑名ｴﾝﾁﾞﾆｱﾘﾝｸﾞ ﾌﾟﾗｽﾁｯｸ (株),〒511-0867　　三重県桑名市陽だまりの丘5丁目101番地,KWN01　1097,草薙 様宛,050-3772-1033,0594-33-2233,,,,
405,KWS,川崎エコー（株）,調布市富士見町2-1-2,KSE01,*,0424-86-0323,0424-86-0324,,,,
406,KYD,(株)高陽電商,〒104-0043　　東京都中央区湊2-16-26-103,KYD01　　1080,深河 様宛,03-6303-3322,03-6303-3321,,,,
407,KYO,協伸工業（株）　川越工場,*,DIC01 　大一,島田,049-222-9355,049-222-9310,,,,
408,KYK2,光洋金属工業(株),〒807-0813　　福岡県北九州市八幡西区夕原町5-4,KYK02　　1146,森定 様宛,093-641-6555,,,,,
409,KYO1,協伸工業（株）　宇都宮工場,栃木県宇都宮市白沢町1825-21,DIC01 　大一,*,028-673-6591,,,,,
410,KYO2,協伸工業（株）　川越工場,*,DIC01 　大一,技術部　北嶋,049-222-9355,049-222-9310,,,,
411,KYO3,協伸工業（株）　川越工場,*,SPD01  ｽﾋﾟｰﾄﾞｼﾞｬﾊﾟﾝ,疋田,049-222-9355,049-222-9310,,,,
412,KYO4,協伸工業（株）　宇都宮工場,栃木県宇都宮市白沢町1825-21,SPD01  ｽﾋﾟｰﾄﾞｼﾞｬﾊﾟﾝ,地神課長,028-673-6591,,,,,
413,KYR2,(有)協立化成,〒339-0073　　埼玉県さいたま市岩槻区上野5-2-2,KYR02　　1014,野崎 様宛,048-794-1300,048-794-7884,,,,
414,KYR3,協立機械(株)　菊川営業所,〒439-0031　　静岡県菊川市加茂5275,KYR03　　1449,栗田 様宛,0537-37-2500,0537-37-2506,,,,
415,KYS1,㈲ケーワイ商会,京都府八幡市川口堀ノ内154番地,KYS01 ｹｰﾜｲ商会,,075-981-3181,075-981-3184,,,,
416,KYW0,共和発条,*,KNY01  クニヨシ（株）片平,*,*,,,,,
417,KYW,共和発条（株）　茨城工場,*,HKS01　ホクソウ,*,*,,,,,
418,KYW1,協和紙工業（株）,横浜市都筑区池部町4453,KYW01,*,045-937-0883,,,,,
419,KZK,(有)ｶｽﾞ･ｸﾗﾌﾄ,〒205-0021　　東京都羽村市川崎1-4-3,KZK01　　1032,藤田 様宛,042-570-0327,042-570-0328,,,,
420,LAD,(株)L&Aﾃﾞﾊﾞｲｽ,〒377-0008　　群馬県渋川市渋川1192-1　上毛ﾋﾞﾙⅠ 4F,LAD01　　1206,品質保証課　　荒木 様宛,0279-25-7980,0279-22-3121,,,,
421,LAE,ロイアルエンジニアリング(株),〒270-1143　　千葉県我孫子市天王台3丁目3-5,LAE01　　1327,中村 様宛,04-7183-6100,04-7183-4415,,,,
422,LEC,レック(株),〒103-0007　東京都中央区日本橋浜町3-15-1,LEC01,新素材開発室　　北村 様宛,03-5847-0610,03-5847-1614,,,,
423,LGA,(株)ロジカルアイ,〒513-0836　　三重県鈴鹿市国府町7678番地7,LGA01　　1289,村山 様宛,059-378-5705,059-370-8855,,,,
424,LIN,(株)リンクライン,〒861-1312　　熊本県菊池市森北1812-26,LIN01　　1422,笹本 様,0968-36-9280,0968-36-9290,,,,
425,LMD,(株)ラムダ,〒338-0005　　埼玉県さいたま市中央区桜丘2-10-16,LMD01　㈱ラムダ,小澤 様宛,048-851-6446,048-859-0807,,,,
426,LNK,(株)リンクス,東京都町田市小野路町2234-140,LNK01,甲斐谷 様宛,042-735-2243,042-735-2243,,,,
427,LPL,(株)ラプラス,〒989-6143　　宮城県大崎市中里6-4-56,LPL01　　974,古川営業所　　大島 様宛,0229-23-5771,0229-24-1389,,,,
428,LPS,(株)ラピス精器,〒452-0011　　愛知県清須市西枇杷島町城並2-5-9,LPS01　　936  ㈱ラピス精器,猪飼 様,052-503-0272,052-503-0447,,,,
429,LSP,(株)日本ＬＳＰﾎｰﾙﾃﾞｨﾝｸﾞｽ,〒326-0143　　栃木県足利市葉鹿町1181-2,LSP01　　1309,及川 様宛,0284-22-4717,0284-22-4718,,,,
430,MAT2,(株)エムエイティ,〒158-0096　　東京都世田谷区玉川台2丁目11-4 吉田ビル3F,MAT02　　1337,郷田 様宛,03-3707-4768,03-3707-3589,,,,
431,MBC,（株）エム・ビー・シー,*,MBC01,尾下,*,,,,,
432,MBK,松原金属工業（株）,埼玉県草加市八幡町40,MBK01,*****,048-931-9451,,,,,
433,MBM,三菱マテリアル（株）セラミック工場,埼玉県秩父郡横瀬町大字横瀬2270,MTB01,田原,0494-24-4241,0494-23-5271,,,,
434,MBM1,三菱マテリアル（株）セラミックス工場,埼玉県秩父郡横瀬町大字横瀬2270,MTB01,電子ﾃﾞﾊﾞｲｽ開発ｾﾝﾀｰ　飯田,0494-24-4249,0494-22-6631,,,,
435,MBS,三菱製鋼（株）,千葉県市川市塩浜3-15,MBS01,精密部品事業部　三井,047-306-0330,047-306-0261,,,,
436,MBS1,三菱製鋼（株）,千葉県市川市塩浜3-15,MBS01,古賀,047-306-0330,047-306-0261,,,,
437,MBS2,三菱製鋼（株）,千葉県市川市塩浜3-15,MBS01,開発部　望月,047-306-0330,047-306-0261,,,,
438,MBS3,三菱製鋼（株）　精密部品事業部,千葉県市川市塩浜3-15,MBS01,技術部　開発ｸﾞﾙｰﾌﾟ　西澤 克仁　,047-306-0330,047-306-0261,,,,
439,MBS4,三菱製鋼（株）　精密部品事業部,千葉県市原市八幡海岸通1番6,MBS01,精密部品事業部　間 様宛,0136-40-1180,,,,,
440,MBT,三菱電機ﾄﾚｰﾃﾞｨﾝｸﾞ(株),〒100-0005　　東京都千代田区丸の内2-1-1明治生命館3階,MBT01　　1126,第一事業部 事業開発部　吉田 様宛,03-5220-7308,03-5220-7313,,,,
441,MCM,ｴﾑｺﾏｰｽ(株),〒221-0835　　横浜市神奈川区鶴屋町3-35-10ﾘｰｳﾞ横浜西口ﾋﾞﾙ7F,MCM01　　1010,吉野 様宛,045-477-5010,045-477-5020,,,,
442,MCR2,(株)ﾐｸﾛﾝﾌﾟﾗｽﾁｯｸｽ,〒731-0113　　広島県広島市安佐南区西原4丁目40-40,MCR02　　970,島田 雅之 様宛,082-874-9728,,,,,
443,MDE,㈱M･Ｄ・エンジニアリング,岩手県八幡平市田頭21-53-21,MDE01,金井,0195-75-0772,0195-75-1687,,,,
444,MDR,(株)モデラート工房,〒242-0008　　神奈川県大和市中央林間西3-9-10,MDR01　　1458,佐川 様,046-278-3711,046-278-3712,,,,
445,MDY,増田薬品(株),〒760-0020　　香川県高松市錦町1丁目13-21,MDY01　　1322,亥川 様宛,087-851-0631,087-822-5209,,,,
446,MEC1,三晶MEC㈱　有金工場,*,TYM01,*,176-475-6611,,,,,
447,MEC2,三晶MEC㈱　本江工場,*,TYM01,プレス加工課　古塚,076-474-0111,,,,,
448,MED,前田工繊（株）,福井県坂井郡春江町沖布目38-3,TMK01,ﾃｰﾌﾟﾃｯｸMC  野尻,0776-51-6954,,,,,
449,MEI,(株)メイソル,〒231-0023　　神奈川県横浜市中区山下町74-1　大和地所ﾋﾞﾙ1005,MEI01　　1361,大澤 様宛,045-222-0190,045-2220199,,,,
450,MEK,(株)ﾏｴｷ　　伊勢崎営業所,〒372-0827　　群馬県伊勢崎市八斗島町1615-1,MEK01　　1240,小幡 様宛,0270-32-8833,0270-32-8822,,,,
451,MEP,(株)ﾓﾄｴﾌﾟﾛﾀﾞｸﾂ,〒114-0003　　東京都北区豊島8-28-7,MEP01　　1313,本江 様宛,03-5959-0776,03-5959-0778,,,,
452,MFS,（有）丸藤紙器工業所,*,MFS01,*,03-3721-7155,,,,,
453,MGM,(有) 恵電機製作所,横浜市都筑区大丸17-1,INF01,平川,045-941-5131,,,,,
454,MHJ,森発條（株）,東京都墨田区文化1-1-17,MHJ01,営業課　渡辺,03-3612-0166,03-3610-1474,,,,
455,MIC,(株)エム･アイ・シー　　四国事業所,〒790-0033　　愛媛県松山市北藤原町1-23,MIC01　　1348,大山 様,089-931-1275,189-931-1278,,,,
456,MID,(有)ミッド,〒955-0036　　新潟県三条市篭場5-10,MID01　　1420,荻根沢 様宛,0256-38-2688,0256-38-2689,,,,
457,MIK2,(株)丸石工業所,〒501-3205　　岐阜県関市志津野2580番地,MIK02　　1004,石垣 様宛,0575-29-0321,0575-29-0323,,,,
458,MIO,（株）明王化成,東京都大田区仲池上1-21-23,AMP 勝俣,製造部　統括課長　菅原,03-3755-4711,,,,,
459,MIO1,（株）明王化成,東京都大田区仲池上1-21-23,AMP 勝俣  A伝,営業部長　中須,03-3755-4711,03-3755-4644,,,,
460,MIO2,（株）明王化成,東京都大田区仲池上1-21-23,AMP 本間 B伝,中須,03-3755-4711,,,,,
461,MIO3,（株）明王化成　東北工場,宮城県遠田郡田尻町小塩字五代江東108,MIO01,大衡,0229-39-1231,0229-39-1804,,,,
462,MIO4,（株）明王化成　東北工場,宮城県遠田郡田尻町小塩字五代江東108,AMP 松田 A伝,大衡,0229-39-1231,0229-39-1804,,,,
463,MIO5,（株）明王化成　東北第2工場,宮城県大崎市田尻大嶺字薬師53-6,MIO01,大衡,0229-39-1231,0229-39-1804,,,,
464,MIR,（株）MIR宮崎工場,宮崎県西諸県郡高原町広原4333-2,AMP 指田　A伝,八重尾,0984-42-3671,,,,,
465,MIR2,（株）MIR宮崎工場,宮崎県西諸県郡高原町広原4333-2,KHS01,盛永,0984-42-3689,0984-42-0078,,,,
466,MIR3,（株）MIR宮崎工場,宮崎県西諸県郡高原町広原4333-2,AMP 本間 B伝,*,0984-42-3689,0984-42-0078,,,,
467,MIS,(株)ミスミ,〒135-0016　　東京都江東区東陽4-1-13　東陽ｾﾝﾄﾗﾙﾋﾞﾙ5F,MIS01　　1064,ｴﾚｸﾄﾛﾆｸｽ事業部 電機電装事業ﾁｰﾑ　　荒井 様宛,03-3647-7715,03-3647-7416,,,,
468,MIS2,(株)ｴﾑ・ｱｲ・ｴｽ,〒230-0073　　神奈川県横浜市獅子ヶ谷2-34-55-201,MIS02　　1125,篠原 様宛,045-580-5061,045-584-5361,,,,
469,MIY,(株)名優,〒276-0042　　千葉県八千代市ゆりのき台3-9-2,MIY01　　1297　,山根 様宛,047-480-6161,047-480-6162,,,,
470,MKH,(株)みやこひも,〒130-0004　　東京都墨田区本所4-29-20,MKH01　　1171,丸茂 様,03-3624-1384,03-3624-1762,,,,
471,MKK2,(株)松見科学計測,〒101-0032　　東京都千代田区岩本町2-7-11　松見本社ビル3F,MKK02　　1354,松浦　様,03-3866-9111,03-3866-9116,,,,
472,MKM,（株）ミコマ技研,長野県駒ヶ根市下平874-12,*,小池社長,0265-82-3011,0265-82-3292,,,,
473,MKM1,（株）ミコマ技研,長野県駒ヶ根市下平874-12,MKM01,近藤,0265-82-3011,0265-82-3292,,,,
474,MKN3,(株)ミクニエーム,〒028-4132　　岩手県盛岡市玉山区渋民字岩鼻20-54,MKN03　944,澤屋敷 様宛,019-683-2500,019-683-2516,,,,
475,MKN4,(株)ミク二工業所,〒259-0112　　神奈川県中郡大磯町国府新宿169-3,MKN04　　992,佐藤 様宛,0463-70-1414,0463-70-1415,,,,
476,MKN,(株)ミクニ工業所　　山梨工場,〒406-2197　　山梨県笛吹市境川町大坪1155,MKN04　　992,営業部　栩内 様宛,055-266-2179,055-266-2197,,,,
477,MKP,(有) 真木プラスチック工業所,横浜市都筑区池辺町3303,MKP01,*,045-934-6818,,,,,
478,MKS,(株)ムラコシ精工,〒406-0802　　山梨県笛吹市御坂町金川原字大原1222-1,MKS01　　1456,青木 様宛,055-261-1807,,,,,
479,MMD,ミツミ電機(株)　,〒243-8533　　神奈川県厚木市酒井1601,MMD01  802　取引先ｺｰﾄﾞ：23835,加工技術部　　野稲 様宛,046-230-4021,,,,,
480,MMS,(株)松本製作所　　本社,〒566-0042　　大阪府摂津市東別府5-1-40,MMS01　1134,事業本部　　土田 様宛,06-4862-8883,06-4862-8884,,,,
481,MNB,(株)松永文商店,〒525-0028　　滋賀県草津市上笠4丁目32-7,MNB01　　988,福家 様,077-564-9530,077-564-9532,,,,
482,MND,(有)マインドホープ,〒976-0014　　福島県相馬市北飯渕2-8-7,MND01　　348,佐々木 様宛,0244-36-4092,0244-35-4715,,,,
483,MNM,(株)ミニモ,〒205-0023　　東京都羽村市神明台4-4-3,MNM01　　973,五十嵐 治 様宛,042-554-5630,042-555-6331,,,,
484,MNS,(株)湊製作所,〒254-0013　　神奈川県平塚市田村2-1-9,MNS01　　1408,田島 潤一 様宛,0463-55-2091,,,,,
485,MNT,ミナト精工,茨城県鹿島郡旭村子生22-1,SMK01  金澤,佐藤,0291-37-3822,,,,,
486,MNT2,(株)モナテック,〒421-0414　　静岡県牧牧之原市勝俣1607-1,MNT02　969,今村 様,0548-22-0673,0548-22-9673,,,,
487,MOE,（株）MOEX,山梨県大月市賑岡町畑倉　1256,光和精工（株）KOW01,*,0554-23-3511,,,,,
488,OKJ,(株)OKIｼﾞｪｲネットサプライ,〒135-0042　　東京都江東区木場2-7-23　第一びる1F,OKJ01　　1330,統括部　　村越　様宛,03-5621-1712,03-5621-1735,,,,
489,MOL1,日本モレックス（株）　静岡工場　組立,*,NPC01,*,*,,,,,
490,MOL2,日本モレックス（株）　内,静岡県榛原郡吉田町住吉1351-2,NPC01,（株）ジャコム,0548-32-8280,,,,,
491,MOL3,日本モレックス（株）　栃木工場　組立　斎藤,栃木県塩谷郡塩谷町田所　1601-9,NPC01,*,0287-45-1400,,,,,
492,MOL4,日本モレックス（株）　北部物流　,栃木県宇都宮市宝木本町2-93-1,NPC01,吉田,028-665-5588,,,,,
493,MOR2,(有)モルテック,〒224-0026　　神奈川県横浜市都筑区南山田町4178-3,MOR02　　1171,成形工場　　永友 様宛,045-591-9318,045-591-2884,,,,
494,MRD,(有)丸大商会,東京都大田区西蒲田7-60-4,MRD01,上林 課長様宛,03-3736-8956,,,,,
495,MRD2,ミクロン電気(株)　　静岡工場,〒437-1416　　静岡県掛川市三俣808番地,MRD02　　1089,製造課　　青木 様宛,0537-72-2251,0537-72-5533,,,,
496,MRK,村上シンク,群馬県冨岡市宇田250-33,MRK03　　958,村上 様宛,0274-67-5745,0274-67-5746,,,,
497,MRM3,丸み興商(株),〒440-0083　　愛知県豊橋市下地町若宮77番地,MRM03　　1118,イムラン事業部　　田中 近 様宛,0532-53-7311,0532-53-7318,,,,
498,MRS,ﾏﾙｻﾝﾈｰﾑ,横浜市鶴見区駒岡5-15-18,MRS01,*,045-573-4120,045-585-2322,,,,
499,MRS2,(株)森島製作所,〒434-0003　　静岡県浜松市浜北区新原4388-1,MRS02　　1268,河路 様宛,053-586-4143,053-587-2404,,,,
500,MRT,村田工業（株）藤枝工場,静岡県藤枝市仮宿　1627-1,MRT02,*,054-645-3268,,,,,
501,MRT2,村田工業（株）藤枝工場,静岡県藤枝市仮宿　1627-1,AMP 逢澤 A伝,野崎,054-645-3268,,,,,
502,MRT3,村田工業（株）藤枝工場,静岡県藤枝市仮宿　1627-1,AMP 原田 A伝,小林,054-645-3268,,,,,
503,MRT4,村田工業（株）,静岡県静岡市駿河区豊原町5-7,AMP 原田 A伝,野崎,054-286-3268,,,,,
504,MRT5,村田工業（株）,静岡県静岡市駿河区豊原町5-7,AMP 原田 A伝,小林,054-286-3268,,,,,
505,MRW,(株)ＭＡＲＵＷＡ　　春日山工場,〒943-0807　　新潟県上越市春日山町３丁目2番6号,MRW01　　1299,,025-523-8231,025-523-7183,,,,
506,MSD,（株）エム・エス・ディー,新潟県長岡市新産2-8-6,AMP 平井  A伝,石坂,0258-21-4800,,,,,
507,MSZ2,(株)美鈴製作所,〒211-0052　　神奈川県川崎市中原区等々力5-5,MZT02　　1427,鈴木 様宛,044-722-8021,,,,,
508,MTB,松葉倉庫（株）,静岡県藤枝市下当間645,AMP,池野,0546-43-1411,,,,,
509,MTC,エム･ティ･コア株式会社,栃木県下都賀郡都賀町平川167-1,MBC01,増渕社長,0282-28-0203,,,,,
510,MTC1,エム･ティ･コア株式会社,栃木県下都賀郡都賀町平川167-1,MBC01,遠藤,0282-28-0203,,,,,
511,MTC01,(株)Ｍ－ＴＥＣ,〒351-8586　　埼玉県朝霞市膝折町2-15-11,MTC01　　1452,管理部 資材課　　小野 様宛,048-462-3125,048-462-3110,,,,
512,MTD2,松田産業㈱,奈良県香芝市五位堂6丁目223番地,MTD02,高橋,0745-77-7521,0745-78-0283,,,,
513,MTD3,三田電波 ㈱,東京都練馬区大泉学園町7-17-20,MTD03,前田,03-3925-1653,03-3921-2915,,,,
514,MTO2,(株)松尾製作所,〒474-0001　　愛知県大府市北崎井田27番地1,MTO02　1024,調達・物流課　齋藤様宛,0562-47-5242,0562-47-5211,,,,
515,MTE,又永化工(株),〒578-0976　　大阪府東大阪市西鴻池町3-1-38,MTE01　938,藤田 様,06-6745-0031,06-6745-0035,,,,
516,MTK,三鷹精工（株）,佐賀県三養基郡上峰町大字堤1938,AMP 平井　A伝,坂本,0952-55-8510,0952-55-8511,,,,
517,MTK1,三鷹精工（株）　佐賀事業部,佐賀県三養基郡上峰町大字堤1938,AMP 平井　A伝,曽川部長,0952-55-8510,0952-55-8511,,,,
518,MTN,松永精密工業㈱,川崎市幸区小倉5-20-8,MTN01   797,,044-588-0821,044-588-0820,,,,
519,MTR,(株)メトロール,〒190-0011　　東京都立川市高松町１丁目１００番地１４号棟,MTR01　　1226,購買Gr.　　秋葉 様宛,042-527-3278,042-528-1445,,,,
520,MTS,松下電器産業(株)  照明社　LED事業化推進ｸﾞﾙｰﾌﾟ,大阪府高槻市幸町1-1,YSM01 山下ﾏﾃﾘｱﾙ　柴田,商品開発ﾁｰﾑ 主任技師 上野 康晴,072-682-7094,072-682-7566,,,,
521,MTS2,(株)ｴﾑ･ﾃｨ･ｴｽ　茂原営業所,〒297-0016　　千葉県茂原市木崎323-1,MTS02　　1154,吉野 様宛,0475-22-0555,0475-22-5800,,,,
522,MTW,ミツワ電機工業(株),川崎市川崎区塩浜4-6-13,SON01  松南ｸﾗﾌﾄ,阿部社長,044-277-8421,,,,,
523,MWF,(株)三ツワフロンテック,〒530-0041　　大阪府大阪市北区天神橋3-6-24,MWF01　　1287,筒井 様宛,06-6357-9677,06-6351-9699,,,,
524,MYK1,（株）ミヤカワ　　　,〒104-0044　　東京都中央区明石町6-4　ﾆﾁﾚｲ明石町ビル8F,MYK01,武田 様宛,03-3543-8491,,,,,
525,MYK2,（株）ミヤカワ　　　,*,MYK01,山崎,03-3543-8494,,,,,
526,MYK3,守山工業(株),〒463-0003　　愛知県名古屋市守山区下志段味熊田442,MYK02　　1320,生産・技術部　　浅井 様宛,052-739-3511,052-739-3513,,,,
527,MYN,(株)宮成製作所,〒300-2337　　茨城県つくばみらい市谷井田2221-12,MYN01　　1404,小熊 様宛,0297-38-7236,0297-58-4914,,,,
528,MYS,(株)MIYOSHI,〒354-0045　　埼玉県入間郡三芳町上富1916-10,MYS02,谷本 様宛,049-274-6776,049-274-6779,,,,
529,MYT,(株)ミヤタコーポレーション,〒451-8577　　愛知県名古屋市西区那古野2-18-4,MYT01　　1442,業務推進室　　服部 様,052-563-3312,052-551-2113,,,,
530,MZS,(株)ミズサワセミコンダクタ,〒023-0002　　岩手県奥州市水沢区水沢工業団地2-37,MZS01　　1398,生産部資材グループ　　村上様宛,0197-25-5641,0197-25-8291,,,,
531,MZT,(株)水谷製作所,大阪府東大阪市御厨東1-5-43,MZT01,本社,06-6782-4245,06-6782-4247,,,,
532,NAC,(有)ナック技研 　　群馬開発室,〒379-2304　　群馬県太田市大原町384-21,NAC01　　1345,根岸 様,0277-46-6057,0277-46-6578,,,,
533,NBK,東亜真空工業（株）　平野工場,大阪市平野区平野北1-8-60,南部化成（株）　中川NBK01,　　　　辻,06-6795-2856,,,,,
534,NBR,(株)ノボル電機製作所,〒576-0051　　大阪府交野市倉治3丁目5-10,NBR01　　1264,高橋 様宛,072-891-4602,,,,,
535,NCR,日本セラミック(株)　　八東研究所 開発事業部,鳥取県八頭郡八頭町安井宿1333-1,NCR01 日本ｾﾗﾐｯｸ,,0857-53-3865,,,,,
536,NDC,(株)ﾅﾃﾞｨｯｸ,〒382-0074　　長野県須坂市春木町1030-1,NDC01　　1256,小林 様宛,026-246-0307,026-246-3100,,,,
537,NDK2,日本電子工業(株)　　相模原工場,〒252-0212　　神奈川県相模原市中央区宮下3-10-14,NDK02　　1195,品質保証課兼生産技術課　　池永 様宛,042-774-1233,042-773-1674,,,,
538,NDS,日本電産ｻﾝｷｮｰ(株),〒393-8511　　長野県諏訪郡下諏訪町5329,NDS01　　1291,長野開発技術研究所　研究業務Gr.　桜井 様宛,0266-27-3701,0266-27-3403,,,,
539,NEC,NECﾛｼﾞｽﾃｨｸｽ,"川崎市中原区下沼部1753 NEC玉川事業所内＃33玉川ﾃﾞﾊﾞｲｽ支店 長谷川主任止め 
NECL第三ｿﾘｭｰｼｮﾝ事業部 包装技術Gr. 実験室",NEC01,大平,044-733-4295,044-733-4281,,,,
540,NFC,エヌ・エフ・シー(株),福島県福島市御山字田中55-3,SPD01  ｽﾋﾟｰﾄﾞｼﾞｬﾊﾟﾝ,ES事業部 作田,024-536-2233,,,,,
541,NFK,（株）エヌエフ回路設計ブロック,山口県山口市大字野上西堀山1568-3,OGR01,*,082-921-0999,,,,,
542,NGC,(株)野口製作所,〒300-1153　　茨城県稲敷郡阿見町実穀1281-7,NGC01　　1164,常務取締役　　小松崎 様宛,029-842-7197,029-842-2036,,,,
543,NGK,NGKセラミックデバイス(株),〒485-0825　　愛知県小牧市下末字五反田434-3,NGK01　　1272,生産支援課　　平尾 様,0568-74-1863,0568-74-1857,,,,
544,NGS,内外産業㈱,川崎市高津区向ヶ丘170,NGS01,宮田,044-888-8351,,,,,
545,NGT,新潟精密(株),〒943-0222　　新潟県上越市三和区下中3335-2,NGT01　1027,技術部　　中村 様宛,025-532-4183,025-532-4184,,,,
546,NHC,日本コネクト工業(株),〒158-0082　　東京都世田谷区等々力1-33-14,NHC01　　962,竹縄 様宛,03-5706-4360,,,,,
547,NHD,日本電計(株),〒243-0013　　神奈川県厚木市泉町8-18,NHD01　　1421,木村 様宛,046-228-1115,046-228-8527,,,,
548,NHE,(株)日本ｴﾚｸﾄﾘｯｸ,〒230-0071　　神奈川県横浜市鶴見区駒岡2-15-35,NHE01　　1047,山崎 様宛,045-572-4777,045-585-3334,,,,
549,NHI,（株）仁瓶製作所,横浜市鶴見区駒岡2-17-10,*,佐々木,045-572-7888,045-573-5554,,,,
550,NHI1,（株）仁瓶製作所,横浜市鶴見区駒岡2-17-10,*,平野,045-572-7888,045-573-5554,,,,
551,NHN,日本サービック（株）,埼玉県さいたま市桜区町谷1-20-10,NHN04,内山,048-855-8721,048-852-2928,,,,
552,NHN1,日本ﾊﾟｰｶﾗｲｼﾞﾝｸﾞ（株） 伊丹工場,兵庫県伊丹市森本9-62,ADV01,山崎課長,0727-82-0999,,,,,
553,NHN2,(株)日本ロック　支社,浜松市横須賀489,HRT01 ホリテック,高倉,053-586-5245,,,,,
554,NIC,(株)農協印刷センター,〒983-0035　　宮城県仙台市宮城野区日の出町3-7-20,NIC01　　1396,事業部　　小野寺 様宛,022-284-3071,022-284-3210,,,,
555,NKJ,(株)ﾅｶｼﾞﾏ,〒312-0052　　茨城県ひたちなか市東石川3600-61,NKJ02　　1068,中嶋 様宛,029-274-8398,029-275-7339,,,,
556,NIK,ニッコー精機（株）,相模原市緑区町屋4-8-30,N I K02,*,042-782-2515,042-782-4530,,,,
557,NKI,(有)ナカイ精工,鳥取県鳥取市宮長130-9,NKI01　　971,中井 様宛,0857-53-3351,,,,,
558,NKM2,中村工機(株),〒392-0012　長野県諏訪市四賀80,NKM02　1043,丸茂 様宛,0266-53-4300,0266-58-5211,,,,
559,NIT,(株) 日東電機,千葉県茂原市高師585,NIT01,太田 浩一,0475-22-5727,,,,,
560,NIT1,(株) 日東電機,千葉県茂原市高師585,NIT01,秋場　浩行,0475-22-5727,,,,,
561,NKD,ニコー電子(株)  第2工場,長野県飯田市北方1602-1,MKM01,岩原課長,0265-56-1352,,,,,
562,NKL,ﾆｯｺｰ･ﾛｼﾞｽﾃｨｸｽ(株),〒196-0021　　東京都昭島市武蔵野2-10-40,NKL01　　1160,柴田 様,042-542-1081,042-542-1099,,,,
563,NKE,（株）ナカエ電子,富山県上新川郡大沢野町長附597,NKE01,工場長　　井上,076-468-2189,FAX 076-468-2192,,,,
564,NKM,（株）ナカムラ,横浜市港北区新羽町477,小倉貿易（株）OGR01,熊谷,045-543-3646,,,,,
565,NKM1,（株）ナカムラ,東京都世田谷区宮坂1-23-11,小倉貿易（株）OGR01,倉持,03-5154-8222,,,,,
566,NKO,（株）中尾精機,〒187-0004　　東京都小平市天神町4-8-24,NKO01　　1293,中尾 様宛,042-344-0121,,,,,
567,NKP,(株)ネコ・パブリッシング,〒153-8545　　東京都目黒区上目黒2-23-18 目黒山手通ビル 3F,NKP01　　1279,岡田 様宛,03-5745-7804,03-5745-7814,,,,
568,NKS,ナックス（株）東京営業所,東京都台東区東上野6-2-3,OGR01,斎藤,03-5827-1106,,,,,
569,NKS1,ナックス（株） 大阪,*,OGR01,森広,*,,,,,
570,NKS3,ナカセイ(株),〒437-0061　　静岡県袋井市久能2959-18,NKS03　　1413,松浦 様,0538-30-7331,0538-30-7332,,,,
571,NKW,NKﾜｰｸｽ(株),〒640-8452　　和歌山県和歌山市梅原579-1,NKW01　　1241,生産管理部　生産管理課　　塩路 様宛,073-454-4605,,,,,
572,NKY2,株式会社 ナカヤマ,〒771-1251　　徳島県板野郡藍住町矢上字西160-105,NKY02,機械工具事業部　　市川 正博 様宛,088-692-3941,088-692-8859,,,,
573,NKZ,中沢電気工業,〒392-0016　　長野県諏訪市豊田小川1728-3,NKZ01　　1019,中沢 様宛,0266-58-9810,0266-58-9820,,,,
574,NKZ2,(株)ナカザワ,〒392-0015　　長野県諏訪市中洲神宮寺575番地,NKZ02　　1383,杉村 様宛,0266-53-3334,0266-53-3349,,,,
575,NLP,(株)ﾈｯﾄﾗｲﾝﾌﾟﾚｽ,〒150-0001　　東京都渋谷区神宮前3-7-5　青山MSﾋﾞﾙ8F,NLP01　　1071,太田原 様,03-5412-0960,03-5412-0961,,,,
576,NLT,(株)ﾆｭｰﾗｲﾄ工業,〒520-2412　　滋賀県野洲市六条818,NLT01　　1130,営業部　　三田 様宛,077-589-4561,077-589-5191,,,,
577,NLX,ナルックス(株)　　野洲工場,〒520-2362　　滋賀県野洲市市三宅219-2,NLX01 ﾅﾙｯｸｽ,製造統括部 製造課　　西川 様宛,077-586-2000,,,,,
578,NMG,日本メタルｶﾞｽｹｯﾄ(株),〒360-0843　　埼玉県熊谷市三ケ尻3308,NMG01　　1319,営業部 営業課　　北岡 様宛,048-532-9376,048-532-0941,,,,
579,NMK,NMK化成,*,NMK01,*,*,,,,,
580,NML,日本マテリアル(株),〒101-0021　　東京都千代田区外神田5-3-2,NML01　　1282,貴金属製品部　　畑中 様宛,03-5818-7284,03-5818-3148,,,,
581,NMT,日本メクトロン(株)　　白沢事業所,〒969-1203　　福島県本宮市白岩字堤崎132番地,NMT01　　1190,製造技術部　ﾌﾟﾗｽﾁｯｸ製造技術課　　阿部 様宛,0243-64-2071,0243-64-2072,,,,
582,NMS,(株)西村製作所,〒547-0001　　大阪府大阪市平野区加美北9-11-8,NMS01　　1070,村井 様宛,06-6974-8223,06-6974-8224,,,,
583,NNM,長野日本無線マニファクチャリング(株),〒389-2414　　長野県飯山市常盤１,NNM01　　1372,情報通信製造部　飯山工場　　龍堀 様宛,0269-67-2222,0269-27-2188,,,,
584,NOM,(株)NEOMAX,〒899-0201　　鹿児島県出水市緑町50-8,NOM01　　1036,業務部　　田頭 様宛,0996-63-3611,0996-63-1327,,,,
585,NPC,ナガセプラスチックス（株）,東京都日本橋大伝馬町12-2 ｾｲｼｮｳ日本橋ﾋﾞﾙ3F,NPC01,水野,03-3661-7991,03-3661-8703,,,,
586,NPC1,ナガセプラスチックス（株）,東京都日本橋大伝馬町12-2 ｾｲｼｮｳ日本橋ﾋﾞﾙ3F,NPC01,森本,03-3661-7991,03-3661-8703,,,,
587,NPC2,(株)ｴﾇ・ﾋﾟｲ･ｼｲ,〒395-0803　　長野県飯田市鼎下山425-2,NPC02　　1044,久保田 様宛,0265-22-8840,0265-22-8850,,,,
588,NPR,ﾆﾌﾟﾛファーﾏ(株)　　大館工場,〒018-5751　　秋田県大館市二井田字前田野5-7,NPR01　　965,製造第3Ｇr.　PFS成形課　　庄司 様宛,0186-44-8658,0186-44-8698,,,,
589,NRK,（株）奈良工業所,*,NRK01,中村,0475-34-2711,0475-34-4951,,,,
590,NRK1,（株）奈良工業所,注意！量産手配分は、業務部　板倉（正）,NRK01,業務部　板倉（正）,0475-34-2711,0475-34-4951,,,,
591,NRK2,（株）奈良工業所,注意！試作ｻﾝﾌﾟﾙは、製造部　中村,NRK01,製造部　中村,0475-34-2711,0475-34-4951,,,,
592,NRS,ﾆｭｰﾛｽｶｲｼﾞｬﾊﾟﾝ(株),〒103-0014　　東京都中央区日本橋蛎殻町1-11-1　人形町ｼﾃｨﾌﾟﾗｻﾞ7F,NRS01　　1248,小山 様宛,03-6661-7201,,,,,
593,NRT,郵船航空サービス（株）　成田ロジスティックス課,千葉県山武郡芝山町岩山1340-49,FJK04,3F/フジクラ通品生扱い,0479-70-9401,0479-70-9404,,,,
594,NSD,日星電気,,NSD01,鈴木,,,,,,
595,NSD2,(有)西田製作所,〒522-0037　　滋賀県彦根市岡町32-1,NSD02　　1094,西田 様宛,0749-24-6387,0749-24-6398,,,,
596,NSD3,日精電機(株),〒025-0061　　岩手県花巻市本館201,NSD03　　1271,佐藤 様宛,0198-24-7902,0198-24-7905,,,,
597,NSE,(株)ネモト・センサエンジニアリング,〒315-0031　　茨城県石岡市東大橋1610,NSE01　　1275,横手 様宛,0299-26-0121,0299-26-1394,,,,
598,NSI,（株）西居製作所,東京都大田区千鳥1-10-7,NSI01,宮島,03-3751-4203,03-3755-9086,,,,
599,NSI1,（株）西居製作所  仲池上工場,東京都大田区仲池上2-17-9,NSI01,*,03-5747-5588,03-5747-5589,,,,
600,NSK,(有)日三化成,〒633-0065　　奈良県桜井市吉備511-1,NSK03,山本 様宛,0744-42-2801,0744-42-2802,,,,
601,NSK1,日新化工（株）,*,新光（株）　SNK03,*,*,,,,,
602,NSK2,日清化成（株）,茨城県北相馬郡藤代町大字清水甲615-1,NSK02,*,0297-82-5157,0297-82-5159,,,,
603,NSM,西村㈱,大阪府大阪市福島区海老江8-11-31,NSM03,栗本 様宛,06-6458-8577,06-6458-7232,,,,
604,NSO,(株)日章,〒800-0315　　福岡県京都郡苅田町港町18-6,NSO01　　1199,立花 様宛,093-434-1234,093-434-3727,,,,
605,NSS,(株)日新商会,〒350-1146　　埼玉県川越市熊野町7-12,NSS01　　996,中島 様宛,049-246-6221,049-246-6665,,,,
606,NST0,㈱西谷精巧舎,東大阪市若江西新町5-1-4,,日笠,06-6725-2222,,,,,
607,NST,(株)ﾆｽﾃｯｸ,〒400-0834　　山梨県甲府市落合町822,NST01　　1038,花形 工場長様宛,055-241-6171,055-241-1343,,,,
608,NST2,(株)ニシトモ,〒519-0423　　三重県度会郡玉城町昼田449-3,NST02　　1262,資材部　猿木 様宛,0569-58-6987,0569-58-8022,,,,
609,NTD,(有)西東京電機,〒191-0024　　東京都日野市万願寺4丁目22-8,NTD01　　1294,石坂 様宛,042-584-5512,042-582-1219,,,,
610,NTG,日東技研株テクニカルセンター,静岡県焼津市大住491番地,ASH01,牟田,054-620-2020,,,,,
611,NWN,（株）ニワノ,東京都品川区広町1-3-26,NWN01,*,03-3493-6145,03-3493-8636,,,,
612,NWS,丹羽新精機(株),〒379-2312　　群馬県みどり市笠懸町久宮115-23,NWS01　　1013,丹羽 様宛,0277-76-9930,0277-76-9931,,,,
613,NGS,内外産業㈱,川崎市高津区向ヶ丘170,NGS01,宮田,044-888-8352,,,,,
614,ODS,（株）旺電舎,〒213-0006　　川崎市高津区下野毛2-11-31,OOD01,下野毛工場,044-833-0371,044-820-8484,,,,
615,ODS1,（株）旺電舎,*,IEC01,*,*,,,,,
616,OGR1,小倉貿易㈱　,大阪市西区土佐堀1-2-10　2F,OGR01,,06-6441-5181,06-6441-5186,,,,
617,OGW,小川化成商会,〒659-0016　　兵庫県芦屋市親王塚町11-23,OGW01　　1042,岡 様宛,0797-35-0982,0797-35-0984,,,,
618,OHS,大橋精密(株),〒315-0031　　茨城県石岡市東大橋2060-1,OHS01　　1298,横手 様宛,0299-26-2063,,,,,
619,OKN,奥野電器産業（株）,静岡県掛川市千羽100番地,OKN01,掛川工場　　工場長　金指,0537-27-0811,0537-27-0080,,,,
620,ONS,小野産業（株）,栃木県栃木市箱森26-37,OGR01,*,0282-23-2300,,,,,
621,OOI,大井電気㈱　水沢製作所　資材部,岩手県奥州市水沢区真城折居106-3,OOI01,,0197-23-7127,0197-23-7118,,,,
622,OOM,大村技研（株）,岩手県釜石市唐丹町字片岸88-2,OOM02,第一事業部     三浦（英）,0193-55-2600,0193-55-2244,,,,
623,OOM1,大村技研（株）  第五工場,岩手県釜石市唐丹町字片岸93-1,OOM02,第一事業部     三浦（英）,0193-55-2600,0193-55-2244,,,,
624,OOT2,㈱大手 千葉工場,千葉県山武郡横芝光町宮川8557,OOT02,,0479-84-1251,0479-84-2511,,,,
625,OOT3,㈱大手 本社,東京都文京区本郷1-11-6,OOT03,,03-3816-7781,03-3814-5800,,,,
626,OPA,OPTART,東京都江東区亀戸4-54-5,OPA01,Alan Wang,03-5628-5116,03-5628-5113,,,,
627,OPR,(株)オプトロンサイエンス,〒113-0033　　東京都文京区本郷3-21-8 ｹｲｱｲﾋﾞﾙ8階,OPR01　　1405,田澤 様宛,03-5800-1341,03-5800-1342,,,,
628,ORE,(株)ｵﾘｴﾝﾀﾙ工芸社,〒143-0015　　東京都大田区大森西7-2-5,ORE01　　1236,金川 様宛,03-3763-3601,03-3763-2621,,,,
629,ORO,オリオン (株),京都市中京区東洞院二条下る瓦之町374番地,ORO01,壇 様宛,075-222-1930,075-222-1840,,,,
630,OTA1,オータックス（株）,*,OTA01,照喜名,045-543-5645,,,,,
631,OTA2,オータックス（株）,*,OTA01,技術部　本橋,045-543-5508,045-546-1421,,,,
632,OTA3,オータックス（株）,*,OTA01,技術部　畠中,045-543-5508,045-546-1421,,,,
633,OTA4,オータックス（株）,*,OTA01,技術部　端山,045-543-5508,045-546-1421,,,,
634,OTA5,オータックス（株）,*,OTA01,技術部　石木田,045-543-5508,045-546-1421,,,,
635,OYM,(株)オオヤマ　　関東事業所,〒360-0012　　埼玉県熊谷市上之1814-１,OYM01　　1087,本田 様宛,048-525-8839,048-525-8838,,,,
636,PBR,バブリックレコード（株）,長野県上伊那郡宮田村6031-1,黒田テクノ（株）KRD02,松下部長,0265-85-2871,,,,,
637,PBR1,バブリックレコード（株）,長野県上伊那郡宮田村6031-1,黒田テクノ（株）KRD02,田中,0265-85-2871,,,,,
638,PFG1,パーフェクトゲージ工業㈱,長野県飯田市鼎下山425-2,PFG01,今村,0265-22-8830,0265-22-8850,,,,
639,PLK,（株）プラックス　　西原工場,東京都府中市西原町2-5-12,PLK01,松村　直治,042-580-4780,042-580-4781,,,,
640,PLL,(株)パールライティング,大阪市門真市中町1-29,PLL01,本社,06-6901-7521,06-6905-1775,,,,
641,PLS,(株)ﾌﾟﾚｼﾞｬｰ,〒992-1124　　山形県米沢市万世町金谷333-8,PLS02　　1015,高橋 様宛,0238-26-9550,0238-26-9531,,,,
642,PLT,(有) プラテックス 　本社工場,東京都大田区東糀谷6-2-11,PLT02,*,03-5735-2033,03-5735-2032,,,,
643,PLT0,(有) プラテックス 　横浜工場,横浜市港北区新吉田町2845-1,PLT02,*,045-549-5238,045-549-5239,,,,
644,PLT1,プラテック工業（株）,茨城県北茨城市磯原町西浦替1155,SMK01,*,0293-20-2147,0293-20-2130,,,,
645,PLT2,(有) プラテック,岩手県遠野市青笹町糠前10-27-38,SNS02 ｻﾝ精密化工研究所,*,0198-62-8535,,,,,
646,PLT3,(株)プラテック,〒377-0804　　群馬県吾妻郡東吾妻町大字岩井1009,PLT03　　1263,小川 様宛,0279-68-5050,0279-68-3630,,,,
647,PLT01,プラテクノ㈱,東京都大田区新蒲田3-32-1,PLT01,二宮,03-5710-2430,03-5710-2431,,,,
648,PLW,(株)プラストワーク,〒194-0044　　東京都町田市成瀬6-14-5,PLW01　　1448,泉田 様宛,042-721-7570,042-721-7572,,,,
649,PNS3,ﾊﾟﾅｿﾆｯｸ(株) AIS社　津工場 E3棟2F,〒514-0815　三重県津市藤方1668,PNS03　　1177,制御機器ﾋﾞｼﾞﾈｽﾕﾆｯﾄ ｺﾈｸﾀﾃﾞｨﾋﾞｼﾞｮﾝ MIPTEC商品Gr.　豊森 様宛,059-228-1263,,,,,
650,PRI,(有)プライマリー,〒518-0626　　三重県名張市桔梗が丘6-1-9,PRI01　　1417,濱田 様宛,0595-66-0885,0595-66-0886,,,,
651,PRM,(株)プロメック,〒332-0031　　埼玉県川口市青木3-9-5,PRM01　　1079,沼野 様宛,048-254-3676,048-254-3677,,,,
652,PS,プラスセイコー(株),大和市深見東2-1-12,,工場長　　恐田,046-264-0115,046-265-2560,,,,
653,QA,（株）クエイザーシステム　　,大和市深見西6-6-9,メカト－ク　ＭＫＴ01,岡田,046-264-7740,FAX  046-264-7756,,,,
654,QA1,（株）クエイザーシステム　　（本社）,大和市深見西6-6-9,メカト－ク　ＭＫＴ01,購買　　石塚,046-264-7740,FAX  046-264-7756,,,,
655,QA2,（株）クエイザーシステム　　（工場）,大和市深見西4-7-9,メカト－ク　ＭＫＴ01,*,*,,,,,
656,QOL,(株)クオリアル,〒550-0002　　大阪府大阪市西区江戸堀2-1-1 江戸堀ｾﾝﾀｰﾋﾞﾙ7F,QOL01　　1167,福塚 様宛,06-6809-2007,06-6809-2177,,,,
657,QTB,クオンタムバイオシステムズ(株),〒567-0047　　大阪府茨木市美穂ヶ丘8-1　大阪大学産業科学研究所ｲﾝｷｭﾍﾞｰｼｮﾝ棟　Ⅰ-311,QTB01　1378,上田 様,06-6155-8885,06-6155-8886,,,,
658,RGRS,（株）レグルス　　春日部工場,埼玉県春日部市豊野町2-11-10,レグルス,橋本,048-733-1444,,,,,
659,RGS,ロジスパック株式会社,東京都荒川区東日暮里4-27-11,RGS,上野営業所　今井,03-5850-3011,,,,,
660,RIC,ﾘｺｰｲﾝﾀﾞｽﾄﾘｱﾙｿﾘｭｰｼｮﾝｽﾞ(株)　花巻事業所,〒025-0303　　岩手県花巻市大畑10-109,RIC01　　1435,資材調達室資材調達Gr.　　藤井様,050-3534-3533,0198-26-2460,,,,
661,RIW,リワーク・ソーティング朝比奈,*****,光和精工（株）KOW01,*****,*****,,,,,
662,ROK,(有)ロッキー化成,〒224-0043　　神奈川県横浜市折本町1503,ROK01　　457,*,045-472-0283,045-472-6022,,,,
663,RTR,ロータリー（株）,埼玉県草加市青柳1-5-45,SKK01,駒崎取締役,048-936-2101,,,,,
664,RYK,菱華工業（株）　平塚工場,平塚市新町6-6,RYK01,管理　　桜井,0463-31-7068,,,,,
665,RYO,リョウサン段ボール（株）　,広島県福山市駅家町下山寺160-10,小倉貿易（株）OGR01,松本,084-976-1101,,,,,
666,SAI,三愛化成商事(株),〒105-0003　　東京都港区西新橋3-8-3 ﾗﾝﾃﾞｨｯｸ新橋BLDG.,SAI01　　1210,藤倉 様宛,03-3432-0511,03-3432-2217,,,,
667,SAK,ｻﾝｱﾛｰ化成(株),〒952-0212　　新潟県佐渡市宮川837-1,SAK01　　1286,長沼　様宛,0259-66-2462,0259-81-1005,,,,
668,SAN,㈱佐野製作所,横浜市港北区綱島東5丁目8番45号,SAN01佐野製作所,浦川,045-543-3741,045-543-3746,,,,
669,SAS,(株)SAｼｽﾃﾑｽﾞ,〒390-1242　　長野県松本市和田南西原4010-27,SAS01　1243,営業部　　松尾 様宛,0263-50-8857,0263-50-8852,,,,
670,SBP,柴ﾌﾟﾗｽﾁｯｸ㈱,尼崎市額田4-7,NSK03,西野,06-6498-4123,,,,,
671,SBT,(有)瀬端製作所,〒308-0857　　茨城県筑西市小川255-4,SBT01　　1179,営業業務　　菊池 様宛,0296-28-3421,0296-28-3956,,,,
672,SCP,(株)シンワコーポレーション,〒140-0013　　東京都品川区南大井6-6-5,SCP01　　1323,清水 様宛,03-3763-7755,03-3763-7856,,,,
673,SDN,(株)進電,〒815-0081　　福岡県福岡市南区那の川１丁目3-3,SDN01　　1051,近藤 様宛,092-525-1181,092-525-1185,,,,
674,SDS2,(株)正電社　　埼玉工場,〒354-0044　　埼玉県入間市三芳町大字北永井字桜並411-4,SDS02　　1251　,業務課　原様宛,049-258-4079,049-259-1210,,,,
675,SED,(株)三映電器製作所,長野県小諸市柏木１４番地,SED01,加藤 様宛,0267-22-5555,0267-22-3556,,,,
676,SED2,信越電線(株),〒386-0018　　長野県上田市常田1-1-40,SED02　　1340,加藤 様宛,0268-22-3596,0268-22-3592,,,,
677,SEI,杉原エス ・イー・アイ（株）,群馬県伊勢崎市今井町313,SEI01,ｼｽﾃﾑ開発2課　北爪 隆行,0270-25-8101,0270-23-2779,,,,
678,SEI1,杉原エス ・イー・アイ（株）,群馬県伊勢崎市今井町313,SEI01,営業部　阿久沢 保行,0270-25-8101,0270-23-2779,,,,
679,SEP,(有)松栄プラスチック,〒223-0052　　神奈川県横浜市港北区綱島東4-10-38,SEP01　　1399,,045-544-1497,045-544-5168,,,,
680,SEP100,サンセイエンタープライズ（株）,秋田県秋田市川尻町字大川反170-149,ADV03,製造事業部　管理課　主任　大友　優華,018-823-6717,018-823-6795,,,,
681,SEP101,サンセイエンタープライズ（株）,秋田県秋田市川尻町字大川反170-149,STR01,製造事業部　管理課　主任　大友　優華,018-823-6717,018-823-6795,,,,
682,SES3,(有)伸越製作所,〒933-0328　　富山県高岡市内島160番地,SES03　　1228,佐伯 様宛,0766-31-0255,0766-31-3586,,,,
683,SDB,正和電気部品工業(株),〒341-0037　　埼玉県三郷市高洲2-79,SDB01　　1181,遠藤 様宛,048-955-3643,048-956-2827,,,,
684,SDH,(株)静電半導体,〒370-0871　　群馬県高崎市上豊岡町571-9,SDH01　　991,戸口 様宛,027-343-2432,027-343-5587,,,,
685,SDK,(株) ＳＤＫ,〒247-0056　鎌倉市大船2-18-16　3F　,SDK01,二之宮,0467-40-5567,0467-43-3511,,,,
686,SDS,(株)ｴｽﾃﾞｨ商事,〒212-0024　川崎市川崎区日進町2-5-102,SDS01　　1131,角崎 様宛,044-222-4677,044-222-6235,,,,
687,SES,（有）正栄紙器,*,SES01,*,044-811-0152,,,,,
688,SES1,(有)昭栄産業,富山県中新川郡立山町下段116-2,TYM01,*,076-463-2977,,,,,
689,SES2,㈱ショウエイパック,川崎市高津区下野毛3-7-33,SES01,,044-811-0152,,,,,
690,SES02,(株)昭栄商会,〒150-0013　　東京都渋谷区恵比寿1-3-1,SES02　　1221,佐藤 様,03-54475798,03-5447-5771,,,,
691,SEW,(株)シーズウェア,〒594-1144　　大阪府和泉市テクノステージ3-7-16,SEW01　　1205,,0725-51-1110,0725-51-1103,,,,
692,SGJ,(株)相模樹脂工業,〒252-0328　　神奈川県相模原市南区麻溝台8-5-9,SGJ01　　1067,武藤 様宛,0427-44-1458,,,,,
693,SGK,（株）エス・ジー・ケイ,東京都江戸川区西葛西3-8-42,SGK01,東京営業部　天野　中央樹,03-3687-6391,03-3687-4780,,,,
694,SGK1,（株）エス・ジー・ケイ,大阪府富田林市中野町東2-2-35,SGK02,松永,0721-26-2927,0721-24-4433,,,,
695,SGK3,ｴｽｼﾞｰ工業(株),〒174-0074　　東京都板橋区東新町1-17-1,SGK03　　1106,高橋 様宛,03-3554-5461,03-3554-5460,,,,
696,SGM,ｼｸﾞﾏ電子（株）,東京都練馬区栄町2-10,*,皆木 智洋,03-3994-1134,03-3994-1140,,,,
697,SGS2,相模精工(株),〒252-0321　　神奈川県相模原市南区相模台3-14-21,SGS02　　1169,星野 様宛,042-745-6045,042-748-8339,,,,
698,SGT,(株)シナジーテクニカ,〒728-8511　　広島県三次市東酒屋町306　A棟,SGT01　　1163,資材部 購買二課　　免田 様宛,0824-62-6529,0824-63-3499,,,,
699,SGW,(株)セガワ,〒213-0023　　神奈川県川崎市高津区子母口342-6,SGW01　　1108,加瀬 様宛,044-751-2506,044-751-2507,,,,
700,SGY2,(有)杉山製作所,〒198-0212　　東京都西多摩郡奥多摩町氷川736,SGY02　　1242,杉山 様宛,0428-83-3325,0428-83-3217,,,,
701,SIK,セイコープレシジョン(株),〒275-8558　　千葉県習志野市茜浜1-1-1,SIK01　　472,オプト事業部　開発設計部　松田 様宛,047-470-7187,,,,,
702,SHE,（株）シンエイ･ハイテック,長野市大字柳原1625-2,AMP 本間　Ｂ伝,北沢,026-263-3355,,,,,
703,SHE1,（株）シンエイ･ハイテック,〒381-8520　　長野市大字柳原1625-2,SME01　　486,,026-263-3355,,,,,
704,SHN,湘南デザイン（株）,神奈川県相模原市橋本台3-6-1,ＳＨＮ01,製造技術本部 製造1課 成形Gr　 大貫 豊,042-775-0463,,,,,
705,SHT,精発ばね工業(株),〒144-0056　　東京都大田区西六郷4-33-5,SHT01　　1329,営業部　　山崎 様宛,03-3733-4681,03-3735-1087,,,,
706,SID,成電工業,福島県いわき市湯本町高倉74-71,SMK ひたち  松崎,前田,0246-44-4868,,,,,
707,SIG,重松製作所,福島県田村市船引町船引卯田ヶ作115,SIG01,,0247-82-2511,,,,,
708,SIG2,制御機材(株)　　埼玉営業所,〒343-0838　　埼玉県越谷市蒲生2丁目11番13号,SIG02　　1143,島田 様宛,0489-87-5200,0489-86-2900,,,,
709,SIK,（株）サイコ,山梨県南都留群富士河口湖町西湖186-1,ＭＢＣ01,*****,0555-82-2244,,,,,
710,SIN0,シンコー電機（株）,新潟県見附市福島町430,黒田ﾃｸﾉ（株）KRD02,久保,0258-66-2845,,,,,
711,SIN,シンコー(株),〒949-7402　　新潟県魚沼市田戸61-1,SIN01　　1412,営業技術部　　小林 様宛,025-794-4041,025-794-4675,,,,
712,SIT,（株）エス・アイ・テック,*****,(有) 小林精工KBY02,生産管理課 小野田,*****,,,,,
713,SIW,誠和産業(株),〒101-0046　　東京都千代田区神田多町2-11 第19岡崎ビル8Ｆ,SIW01　　1168,伊藤 様宛,03-3526-6175,03-3526-6176,,,,
714,SJD,庄司電気株式会社,東京都品川区二葉2-17-2,SJD01,庄司,03-5498-2161,,,,,
715,SJF,住重ﾌｫｰｼﾞﾝｸﾞ(株),〒237-8555　　神奈川県横須賀市夏島町19番地,SJF01　　1082,原澤 様宛,046-869-1712,046-869-1688,,,,
716,SJI,(株)最上インクス,〒615-0034　　京都府京都市右京区西院西寿町5番地,SJI01　　1333,栗原 様宛,075-312-8775,075-312-0041,,,,
717,SNJ,千住金属工業(株)　栃木工場,〒321-4346　　栃木県真岡市松山町1番地,SNJ01,電材加工課　　藤澤 様宛,0285-82-3456,,,,,
718,SKB,(株)ＳＫＢ,〒577-0032　　大阪府東大阪市御厨1-5-3,SKB01　　1401,平岩 様宛,06-6788-1519,06-6788-2082,,,,
719,SKC,セイコークロック（株）,*,*,モジュール営業部　石井,03-6401-2606,,,,,
720,SKE2,(株)栄電子　長野営業所,〒386-0005　　長野県上田市古里1533番地-1 MCﾋﾞﾙ2階,SKE02　　1382,大嶋 様宛,0268-21-3390,0268-21-3388,,,,
721,SKK2,三興工業(株),〒570-0043　　大阪府守口市南寺方東通6-7-5,SKK02　　1059,小野 様宛,06-6992-2474,06-6992-8377,,,,
722,SKK3,三共精密金型(株),〒029-2203　　岩手県陸前高田市竹駒町字相川146-4,SKK03　　1433,管理課購買係　　伊藤 様宛,0192-55-4111,0192-54-3743,,,,
723,SKM3,(有)佐久間製作所,〒362-0064　　埼玉県上尾市小敷谷1071-16,SKM03　　1120,佐久間 様宛,048-726-6366,048-726-6386,,,,
724,SKM4,(有)坂本鉄工,〒409-0112　　山梨県上野原市上野原8154-31,SKM04　　1153,坂本 様宛,0554-63-5533,0554-63-5536,,,,
725,SKN,（株）創研,栃木県下都賀郡壬生町乙字御成橋東4034,SGK01,壬生工場工場長　阿久津滋夫,0282-81-1170,,,,,
726,SKN1,（株）創研クリエイツ　　,茨城県ひたちなか市稲田1347-3,HPS02,鈴木,029-285-6955,,,,,
727,SKP,三共プラスチック工業（株）,*****,AMP　A伝　林,高橋,*****,,,,,
728,SKR,櫻護謨(株)　　大田原製作所,〒324-0045　　栃木県大田原市実取799,SKR01　　1430,資材部購買課　小口 様,0287-28-1123,,,,,
729,SKS,（有） 三幸紙器製作所,〒212-0025　　神奈川県川崎市幸区古川町85番地,SKS01,平賀専務,044-511-3581,044-511-8877,,,,
730,SKS2,(株)三幸精機工業,〒143-0003　　東京都大田区京浜島2丁目7番2号,SKS02　　1237,大塚 様宛,03-5755-7131,03-5755-7135,,,,
731,SKS3,(株)新興製作所,〒708-1216　　岡山県津山市中村595,SKS03　　1440,林 様,0868-29-1200,0868-29-6700,,,,
732,SKW,(株)ｼｽﾃｯｸｷｮｰﾜ,〒547-0041　大阪府大阪市平野区平野北１丁目5-19,SKW01　　1161,岡田 様宛,06-6791-9333,06-6791-9339,,,,
733,SKZ,(株)坂井金属製作所,〒545-0001　　大阪府大阪市阿倍野区天王寺町北2-20-5,SKZ01　　1249,大仲 様宛,06-6713-6189,06-6713-8823,,,,
734,SLB,シルバー工業,新潟県長岡市上除町字若宮甲372,SLB01,*,0258-46-4866,0258-47-2467,,,,
735,SLB1,シルバー工業,新潟県長岡市上除町字若宮甲372,AMP 網倉　A伝,*,0258-46-4866,0258-47-2467,,,,
736,SLK1,三光ライト工業（株）　本社工場,川崎市中原区宮内　2-29-1,SLK01,2Ｆ　内藤,044-751-5771,,,,,
737,SLK2,三光ライト工業（株）　一関工場,*****,SLK01,　　　黒滝,*****,,,,,
738,SLK3,三光ライト工業（株）　本社工場,川崎市中原区宮内　2-29-1,SLK01,金井,044-751-5771,751-4096,,,,
739,SLK4,三光ライト工業（株）　本社工場,川崎市中原区宮内　2-29-1,SLK01,二宮,044-751-5771,751-4096,,,,
740,SLK5,三光ライト工業(株)　埼玉工場,埼玉県深谷市西田96番地,SLK01,加藤,048-585-2322,,,,,
741,SLK6,三光ライト工業(株)　中原工場,川崎市中原区上小田中6-22-10,SLK01,遠藤,044-733-6181,,,,,
742,SLO,（株）セリオテック,長野県諏訪市中洲4771,小倉貿易（株）OGR01,*,0266-58-3113,,,,,
743,SLP,ｼﾘｺﾝﾊﾟﾜｰｼﾞｬﾊﾟﾝ(株),〒110-0004　　東京都台東区下谷１-４-１０上野ＳＫビル7階,SLP01　　1030,小山 様宛,03-5830-2051,03-3847-3038,,,,
744,SLV,ｿﾗﾎﾞﾉ(株),〒206-0042　　東京都多摩市山王下1-12-12　福満ﾋﾞﾙ304,SLV01　　1192,伊藤 様宛,,,,,,
745,SMH,相模原部品工業㈱,相模原市橋本台2-6-28,SMH01 相模原部品工業,,042-774-5154,042-774-2834,,,,
746,SMK1,SMK（株）本社,〒142-0041　　東京都品川区戸越6-6-5,SMK01  　487,,03-3785-1111,,,,,
747,SMK11,SMK（株）本社,*,SMK01,FC設計　,*****,,,,,
748,SMK111,SMK（株）本社,*,SMK01,FC設計　真野,*****,,,,,
749,SMK2,SMK（株）ひたち,*,SMK01,*,*,,,,,
750,SMK22,SMK（株）ひたち,*,SMK01,FC設計　名倉,*,,,,,
751,SMK3,SMK（株）富山,富山県富山市八尾町保内1-1,SMK01,村,076-455-1215,,,,,
752,SMK4,SMK（株）富山　　ＣＳ　林,*,SMK01,*,*,,,,,
753,SMK5,SMK（株）ひたち,*****,SMK01,CS生産部　生産2課　鈴木,0294-20-2136,0294-20-2135,,,,
754,SMK6,SMK（株）ひたち,*****,SMK01,茨城設計課　小林　司,0294-20-2139,,,,,
755,SMK7,SMK㈱開発ｾﾝﾀｰ 事業推進部　,〒142-0041　　東京都品川区戸越6-6-5,SMK01,設計課　陣野 将州,03-3785-1395,03-3785-2804,,,,
756,SMN,(株)シマノ　　下関工場,〒750-1192　　山口県下関市小月小島一丁目4番7号,SMN01　　967,調達課　　浅原 様,0832-83-3647,,,,,
757,SMR,(株)志村精機製作所,〒143-0022　　東京都大田区東馬込1-49-6,SMR01　　1151,浅野 様宛,03-3771-6794,03-3778-0057,,,,
758,SMS,杉本商事(株),〒460-0024　　愛知県名古屋市中区正木2丁目7-15 杉本商事(株)名古屋ﾋﾞﾙ2階,SMS02　　1194,布目 様宛,052-307-0340,052-321-1105,,,,
759,SMZ,（株）清水運輸倉庫,千葉県柏市十余二下大塚380-210,小倉貿易（株）OGR01,*,047-133-1712,,,,,
760,SMZ1,(株)島崎金型　本社,〒327-0844　　栃木県佐野市富岡町1459,SMZ01　　1085,村林 様宛,0283-24-3364,0283-24-3299,,,,
761,SNE,（株)サンエース,横浜市港北区新吉田町152,AMP  A伝 平井,藤井,045-593-5575,,,,,
762,SNG,（株）湘南技研,綾瀬市早川2647-12,,第二工場　　秋山,0467-70-2061,,,,,
763,SNG2,(株)シナジー,〒520-2423　滋賀県野州市西河原2180,SNG02　㈱ｼﾅｼﾞｰ,辻村 様宛,077-589-5530,077-589-5850,,,,
764,SNJ,千住スプリンクラー(株)　岩手工場,岩手県一関市東山町長坂字丸森86-1,DIC01  大一 小林様,金型製造研究課　小原課長,0191-47-3888,,,,,
765,SNK,白河日東工器（株）,品質技術課　技術係　　佐藤,SNK05,*,0248-24-7008,,,,,
766,SNK1,（株）サンキャスト,茨城県下妻市半谷1086,小倉貿易（株）OGR01,*,0296-44-4175,,,,,
767,SNK2,新興電気工業(株),東京都大田区千鳥2-10-15,DIC01  大一,小林,03-3759-4531,,,,,
768,SNK4,三共化成(株),〒146-0085　　東京都大田区久が原2-11-14,SNK04　　502,営業　佐々木 様,03-3752-4281,,,,,
769,SNK7,サンコー(株)　　横浜営業所,〒223-0059　　神奈川県横浜市港北区北新横浜2-1-5,SNK07　　1115,黒瀧 様宛,045-642-3574,045-642-3584,,,,
770,SNN,湘南デザイン（株）,相模原市橋本台3-6-1,MSZ01,三木,042-775-0441,042-771-9744,,,,
771,SNW,シンワ(株)　　静岡営業所,〒422-8055　　静岡県静岡市駿河区寿町16-21,SNW02　　966,安田所長 様宛,054-282-9612,054-284-0364,,,,
772,SNW3,(株)新和,〒376-0013　　群馬県桐生市広沢町5-1641-1,SNW03　　1112,新居 様宛,0277-46-7881,0277+-52-0991,,,,
773,SSD3,(有)宍戸精工,〒224-0024　　神奈川県横浜市都筑区東山田1568-41,SSD03　　1250,窪田 様宛,045-592-8115,045-592-2119,,,,
774,SSO,㈱三宗,横浜市戸塚区汲沢町435,SSO01,大内,045-871-2146,045-864-0747,,,,
775,SNG4,(株)須永製作所,〒224-0042　　神奈川県横浜市都筑区大熊町115,SNG04　　1432,長瀬 様宛,045-473-5431,045-473-5432,,,,
776,SNJ1,千住金属工業(株)　関西事業所,679-1132　兵庫県多可郡多可町中区坂本字土井畑101-1,千住関西　本田,本田　孝雄,0795-32-1963,0795-32-0107,,,,
777,SNS1,㈱佐野製作所,横浜市港北区綱島東5丁目8番45号,SAN01佐野製作所,浦川,045-543-3741,045-543-3746,,,,
778,SNS,（株）三世光機,東京都町田市野津田町158-5,東京精密発條（株）,小田倉,0427-35-5146,,,,,
779,SNS1,三晶技研（株）,富山県中新川郡上市町竹鼻723,AMP 勝俣　A伝,第一技術部　山崎,076-472-4878,,,,,
780,SNS2,三晶技研（株）　ダイカスト事業部,富山県中新川郡上市町竹鼻723,SSG02,生産管理課　野村 様宛,076-473-1299,,,,,
781,SNS3,(株)サン精密化工研究所,〒346-0034　　埼玉県久喜市所久喜707-4,SNS02 　506,,0480-21-5616,0480-22-5678,,,,
782,SNS4,(有)シンセイ,〒426-0041　　静岡県藤枝市高柳2-6-34,SNS03　　1152,池田 様,054-634-4001,054-634-4002,,,,
783,SNT,（株）サンテックス,横浜市緑区青砥町213,SNT02,笹野,045-937-2915,045-937-2912,,,,
784,SNT3,Santec(株),〒485-0802　　愛知県小牧市大草年上坂5823,SNT03　　1385,鳥居 様宛,0568-79-3537,0568-79-3549,,,,
785,SNW,（株）三和製作所,東京都足立区青井2-7-12,SNW01,窪谷専務,03-3840-5121,03-3886-2063,,,,
786,SNY3,(有)サンヨー精工,〒146-0085　　東京都大田区久が原5-2-6,SNY03　　1366,深川 様宛,03-3751-2129,03-3751-4034,,,,
787,SOD,（株）ソディックハイテック,宮崎県西諸県郡高原町広原4333-2,KHS01,MIRカンパニー　宮崎工場,0984-42-3689,,,,,
788,SOD1,（株）ソディックハイテック MIRカンパニー,宮崎県西諸県郡高原町広原4333-2,AMP 平井 A伝,宮崎工場　甲斐,0984-42-3689,,,,,
789,SOE,(株)ショウエイ,〒212-0032　　神奈川県川崎市幸区新川崎2-6,SOE01　　1352,遠藤 様宛,044-589-1601,044-589-1602,,,,
790,SOK,双喜商事(株),〒103-0014　　東京都中央区日本橋蛎殻町1-11-1　人形町ｼﾃｨﾌﾟﾗｻﾞ2F,SOK01　　1193,伊崎 様宛,03-5623-5070,03-5623-7044,,,,
791,SOL,（株）ソルプラス,東京都西多摩郡日の出町平井22-9,小倉貿易（株）OGR01,*,042-588-0733,,,,,
792,SON,合資会社　松南クラフト,東京都大田区大森西1-14-27,*,*,03-3766-6857,,,,,
793,SON,*,*,SON01　松南ｸﾗﾌﾄ,*,*,,,,,
794,SPK,ｽﾊﾟｰｸ(株),〒141-0022　　東京都品川区東五反田1-6-3 東京建物五反田ﾋﾞﾙ9階,SPK01　　1235,法人営業部　　武林 様宛,03-3473-2731,03-3473-2732,,,,
795,SPRT,プラテック工業（株）,茨城県北茨城市磯原町西浦替1155,ＳＭＫ（株）本社ＦＣ設計　岩本,設計課　　布川,0293-42-2336,,,,,
796,SRD,ソルドジャパン(株),〒541-0057　　大阪府大阪市中央区北久宝寺町2-6-10,SRD01,越智 様宛,06-6245-7789,06-6245-7744,,,,
797,SRG,㈱白金製作所,京都府亀岡市大井町南金岐丁田28-3,SRG01,白金 隆,0771-23-3507,0771-24-8696,,,,
798,SRK,エスアール・カンノ(株),〒979-3131　　福島県いわき市平赤井字畑子沢1-62,SRK01　　1062,玉根 様宛,0246-36-0017,0246-36-0015,,,,
799,SRK2,(有)白倉精機製作所,〒393-0031　　長野県諏訪郡下諏訪町6351,SRK02　　1403,白倉 様宛,0266-27-6592,0266-28-8296,,,,
800,SRN,白根電機産業（株）,東京都品川区西中延1-2-7,SRN01,ｸﾞﾙｰﾌﾟ田辺　小林,03-3782-5907,03-3783-6903,,,,
801,SRN1,白根電機産業（株）,東京都品川区西中延1-2-7,SRN01,林,03-3782-5907,03-3783-6903,,,,
802,SRT,シラトリ(株),〒409-0501　　山梨県大月市富浜町宮谷1562番地1,SRT01　　1384,鈴木 稔 様宛,0554-23-2187,,,,,
803,SRZ,(株)セライズ　三和工場,〒943-0225　　新潟県上越市三和区野1261-5,SRZ01　　1377,技術開発課　　竹谷 様宛,025-529-2003,025-532-2776,,,,
804,SSD,新生電子（株） 嬉野工場,三重県松阪市嬉野平生町113,AMP A伝　逢澤,技術　浜谷,0598-48-0511,,,,,
805,SSD2,三信電子(株),〒509-4251　　岐阜県飛騨市古川町宮城町105番地,SSD02　　1123,中谷 様宛,0577-73-5488,0577-73-5486,,,,
806,SSG,三晶技研（株）　　上市工場,富山県中新川郡上市町竹鼻723,AMP 　A伝　指田,技術本部　伊東,076-472-4878,,,,,
807,ＳＳＫ,三共精密金型株式会社 　,岩手県陸前高田市駒町相川146-1,AMP 松永　A伝,陸前高田工場　購買係　岡田,0192-55-4111,,,,,
808,SSK2,（株）三泗計測機,〒510-0833　　三重県四日市市中川原1丁目4-34,SSK02　　1252,今野 様宛,059-353-9197,059-353-2834,,,,
809,SSK3,積水化学工業(株),〒618-0021　　大阪府三島郡島本町百山2-1,SSK03　　1409,01DL 高機能ﾌﾟﾗ 開発研究所　　前中様宛,075-962-8819,075-962-8827,,,,
810,SSG3,(有)三昌技研,〒409-0133　　山梨県上野原市八ッ沢786-2,SSG03　　1095,山本 様宛,0554-63-6050,0554-63-6051,,,,
811,SSN,(株)住重エス・エヌビジネス,〒188-8585　　東京都西東京市谷戸町2-1-1,SSN01　　1167,製造部,042-468-4306,042-468-4300,,,,
812,SST,新進ﾃｯｸ(株)　　柏崎事業所,〒945-1352　　新潟県柏崎市安田田尻工業団地7550-1,SST01　　1041,生産管理課　　川口 様宛,0257-22-7720,0257-22-7667,,,,
813,STD,瀬戸電子(株),〒489-0917　　愛知県瀬戸市效範町2-31,STD01　　1138,資材　富田 様宛,0561-82-5330,0561-83-1483,,,,
814,STD2,住友電工,〒244-8588　　神奈川県横浜市栄区田谷町１,STD02　　1310,光通信研究所　　吉川 様宛,045-853-7167,,,,,
815,STF,埼玉富士,〒368-0004　　埼玉県秩父市山田783,STF01　　1132,金子 様宛,0494-24-1111,0494-24-6466,,,,
816,STF2,(株)スタッフ R&Dグループ,〒571-0048　　大阪府門真市新橋町1番4号,STF02　　1439,長谷川 様宛,06-6906-6484,06-6906-4542,,,,
817,STI,(株)エス・ティー・アイプロダクト,〒460-0013　　愛知県名古屋市中区上前津1-7-8,STI01　　1410,田島 様宛,052-331-2270,052-331-2583,,,,
818,STK,（株）佐竹製作所,埼玉県草加市柳島町257-1,OGR01,*,048-928-8751,,,,,
819,STK2,昭徳工業(株),〒102-0072　　東京都千代田区飯田橋1-7-10,STK02　　1009,保科 様,03-3265-6051,03-3265-6052,,,,
820,STK3,(株)サトカタ,〒370-0011　　群馬県高崎市京日町24-3,STK03　　1114,,027-352-1711,027-353-0781,,,,
821,STKN,タカノギケン（株）,*,ＳＭＫ（株）　野口,*,*,,,,,
822,STN,佐藤抜型（有）,*****,*****,*****,*****,,,,,
823,STS,佐藤成工,横浜市戸塚区戸塚町363,菱華工業　桜井RYK01,*,045-864-4058,,,,,
824,STS2,(有)佐藤成工,〒244-0003　　神奈川県横浜市戸塚区戸塚町363,STS02　　1257,佐藤 様宛,045-864-4058,045-864-4178,,,,
825,STY,(株)サン富安,〒440-0083　　愛知県豊橋市下地町若宮22,STY01,富安 様宛,0532-54-1611,0532-54-1621,,,,
826,SUW,（株）ショーワ　浅羽工場,*****,SUW01,金丸,0538-23-2290,0538-23-7983,,,,
827,SWC,㈱スワコー,長野県岡谷市川岸上3丁目3-17,SWC01,金原,0266-23-9161,0266-22-6197,,,,
828,SWD,(有)澤田工業所,〒333-0847　　埼玉県川口市芝中田2-2-17,SWD01　　1011,澤田 様宛,048-266-7240,048-266-7209,,,,
829,SWD2,昭和電気(株),〒531-0071　　大阪府大阪市北区中津7丁目4番8号,SWD02　　1365,山田 様,06-6458-8821,016-6458-0550,,,,
830,SWE,(株）サワエ,〒223-0052　　神奈川県横浜市港北区綱島東4-9-5,SWE01　　1244,田辺 様宛,045-543-5225,045-543-6311,,,,
831,SWF,伸和ファクトリー,*****,光和精工（株）KOW01,*****,*****,,,,,
832,SWJ,㈱照和樹脂,埼玉県吉川市関新田2-60-6,SWJ01,松本,048-982-8251,,,,,
833,SWN,(有)スワニー,〒396-0621　　長野県伊那市富県7361番地,SWN01　　1357,神山 様宛,0265-73-6033,0265-73-3188,,,,
834,SWS,佐脇紙器（株）,川崎市宮前区土橋1-14-5,SWS01,板倉,044-852-5511,044-852-3320,,,,
835,SWS2,(株)昭和真空,〒252-0244　　神奈川県相模原市中央区田名3062-10,SWS02　　1200,森田 様,042-764-0352,042-764-0359,,,,
836,SWT,誓和工具(株),〒581-0844　　大阪府八尾市福栄町2-15,SWT01　　1342,黒田 様宛,072-996-6265,072-996-0542,,,,
837,SYA,社長に確認,*,ＳＭＫ（株）　,*,*,,,,,
838,SYM,(株)スヤマ　神辺営業所,広島県福山市神辺町川北1853-2,小倉貿易（株）OGR01,*,0849-62-0264,,,,,
839,SYO,（株）ショーワ　　浅羽工場,,SYO01,物流部　　金丸,0538-23-2185,0538-23-6272,,,,
840,SYS,(株)SYSｺｰﾎﾟﾚｰｼｮﾝ,〒143-0003　　東京都大田区京浜島2丁目12番17号,SYS01,,03-5492-8141,03-51928408,,,,
841,SYS3,システムサービス(株),〒170-0013　　東京都豊島区東池袋1-13-6　ｲｹﾌﾞｸﾛ・ﾛｸﾏﾙﾋﾞﾙ6F,SYS03　　1296,飯田 様宛,03-5951-6600,03-5951-3449,,,,
842,SYW,(株)秀和,〒374-0042　　群馬県館林市近藤町676-1,SYW01　　1127,大塚 様宛,0276-73-3955,0276-74-7002,,,,
843,SGT,㈱スギタ,茨城県取手市井野71,TMK01,根本,0297-72-2811,,,,,
844,SPJ,㈱エーディーワイ　　東日本支社,〒359-1113　　埼玉県所沢市喜多町16-7-2Ｆ,SPD01  ｴｰﾃﾞｨｰﾜｲ,,04-2939-1727,,,,,
845,SPJ2,ｱﾄﾞﾊﾞﾝｽﾄ ﾌｨﾙﾑ ﾃﾞﾊﾞｲｽ ｲﾝｸ㈱,栃木県下都賀郡都賀町大字升塚161-2,SPD01  ｽﾋﾟｰﾄﾞｼﾞｬﾊﾟﾝ,,0282-29-6073,,,,,
846,SZK,鈴木電球(有),〒143-0016　　東京都大田区大森北6-24-9,SZK01,鈴木 様宛,03-3765-8833,03-3765-8844,,,,
847,SZK2,(株)スズキ技研,〒272-8538　　千葉県市川市田尻1-11-5,SZK02　　1318,業務部　　篠崎 様宛,047-393-7771,047-393-7773,,,,
848,SZT,シンジ－テック(株),〒237-0062　　神奈川県横須賀市浦郷町5丁目2931番地,SZT01　　1325,技術部　技術1課　　阿部 様宛,046-866-2168,046-866-2157,,,,
849,SZS,(株)鈴幸製作所,〒213-0005　　神奈川県川崎市高津区北見方1丁目13番12号,SZS01　　1371,営業Ｇr.　　鈴木 様宛,044-813-1911,044-813-1910,,,,
850,TAC,(株)タック,〒389-0512　　長野県東御市滋野乙1816-3,TAC01　　1076,中野 様宛,0268-64-8778,0268-64-8806,,,,
851,TAI,太陽工業㈱,長野県諏訪市四賀107,TAI01,,0266-58-2604,0266-58-2602,,,,
852,TAS,(株)ティアンドエス ラボラトリ,〒340-0815　　埼玉県八潮市八潮3-14-7,TAS01　　1339,佐藤 様宛,048-994-5505,048-994-5506,,,,
853,TAY,太洋工業(株),〒213-0032　　神奈川県川崎市高津区久地1-36-1,TAY01　　751,高下 様宛,044-379-6972,044-379-6971,,,,
854,TBK,㈱東京鋲兼,東京都墨田区横綱2-5-14,TBK01 東京鋲兼,和田,03-3626-8705,,,,,
855,TCI,（株）タチ産業　　成田事業所,千葉県山武郡芝山町香山新田49-3  NSカーゴ内　,AMP  逢澤,伊藤,0479-70-9100,,,,,
856,TCH,(株)タックルハウス,〒194-0035　東京都町田市忠生1-29-1,TCH01　1208,高橋 様宛,042-793-3029,042-792-1994,,,,
857,TCM,東京ｺｽﾓｽ電機㈱,〒252-8550    神奈川県座間市相武台2-268,TCM01  963,技術開発部 田中,046-253-3177,,,,,
858,TCN,(株)テクノラボ,〒221-0057　　神奈川県横浜市神奈川区青木町6-19 ﾗｲｵﾝｽﾞ横浜ﾏｰｸﾚｼﾞﾃﾞﾝｽ1B,TCN01　　1018,林 様宛,045-444-0220,050-3737-4437,,,,
859,TCN2,(株)テクノス　　,〒223-0057　　神奈川県横浜市港北区新羽町1939,TCN02　　1450,金型製造部　　太田 様宛,045-549-3100,045-549-3101,,,,
860,TCR,(株)テクレコ　　秋田工場,〒014-1413　　秋田県大仙市角間川町字愛宕63,TCR01　　1423,最上 様宛,0187-65-3355,0187-65-3310,,,,
861,TCS,(株)タチ産業,〒146-0093　　東京都大田区矢口2-1-24,TCS01　　535,,03-3758-3765,03-3758-2359,,,,
862,TCS2,ﾃｸﾉｻｲｴﾝｽ(株),〒321-0921　　埼玉県宇都宮市瑞穂3-12-12瑞穂野工業団地,TCS02　　1111,製造課　　瀬古 様宛,028-657-0020,028-657-0025,,,,
863,TDJ,(株)テッドジャパン,〒244-0845　　神奈川県横浜市栄区金井町360-1,TDJ01　　1425,,045-852-7555,045-852-7677,,,,
864,TDR,轟産業(株),〒451-0051　　愛知県名古屋市西区則武新町3-7-6,TDR01　　1224,岩倉 様,052-565-1908,052-561-0689,,,,
865,TDS,㈱多田製作所,〒737-0161　　広島県呉市郷原町2507-917,TDS01　　809,多田,0823-77-1000,0823-77-1008,,,,
866,TDU,東大宇宙線研究所,〒277-8582　　千葉県柏市柏の葉5-1-5東大宇宙線研究所331号室,TDU01　　1261,大岡 様宛,04-7136-5134,,,,,
867,TEC1,テック化成 (株),神奈川県綾瀬市早川2605-18,AMP  勝俣  A伝,営業　野間係長,0467-79-5177,0467-79-5176,,,,
868,TEC2,(株)テック,〒192-0033　　東京都八王子市高倉町38-8,TEC02　　1103,米良 様宛,042-645-4121,042-645-4474,,,,
869,TEP,東京ｴﾝﾌﾟﾗ商事(株),〒230-0071　　神奈川県横浜市鶴見区駒岡5-5-39,TEP01　　1285,川西 様宛,045-575-1055,045-575-1123,,,,
870,TES1,東栄産業 ㈱,東京都新宿区新宿3-11-6ｴｸﾚ新宿10F,TES01,,03-3356-3395,03-3356-3394,,,,
871,TGO,ﾃｨｰｼﾞｰｵﾌﾟｼｰﾄﾞ(株),〒431-1104　　静岡県浜松市西区桜台5丁目6番1号,TGO01　　1065,飯田 様宛,053-414-5770,053-414-5771,,,,
872,THD,*,*,東北電子　THD01,*,*,,,,,
873,THH,(有)ティーエイチ放電,〒969-3502　　福島県喜多方市塩川町常世北の沢465-1番地,THH01　　994,角田 様宛,0241-27-5155,0241-27-5156,,,,
874,THK,THK㈱甲府工場,山梨県中央市中楯754,THK03,土屋 様,055-273-4322,055-273-4749,,,,
875,THD1,（株）東北電子,*,MYK01  ミヤカワ,佐藤課長,*,*,,,,
876,THK1,東京発條株式会社,,,営業部　　田中　宏幸,,,,,,
877,THK2,東京発條㈱,東京都墨田区業平4-5-4,THK02,,03-6658-1082,,,,,
878,THM,(株)東北モールド,〒223-0056　　神奈川県横浜市港北区新吉田町4052-1,THM01　　1003,,045-593-2079,045-593-2089,,,,
879,THM2,(株)東北ﾏﾃﾘｱﾙｽ,〒983-0034　　宮城県仙台市宮城野区扇町5-3-27,THM02　　1173,風間 様宛,022-352-6991,022-352-6992,,,,
880,THP,東北プレス工業（株）,〒989-4102　　宮城県大崎市鹿島台町木間塚字十番目20番地,THK01,第二工場　　樋口,0229-56-3899,0229-56-9771,,,,
881,THP1,東北プレス工業（株）,*,THK01,甲斐,0229-56-3386,,,,,
882,THP2,東北プレス工業（株）,*,THK01,樋口,0229-56-3899,,,,,
883,THP3,(株)東豊パッキング製作所,〒130-0012　　東京都墨田区太平2-17-7,THP01　　1283,小室 様宛,03-3626-2721,03-3626-2727,,,,
884,THS,（株）東平商会,静岡県三島市松本291-1,THS01,*,055-977-0612,055-977-5960,,,,
885,THT,(株)東北ﾀﾁﾊﾞﾅ,〒025-0323　　岩手県花巻市椚ノ目第6地割114-1,THT01　　1246,佐藤　様宛,0198-24-6356,0198-22-2325,,,,
886,TIH,(有) 大宝工業,横浜市港北区高田町1976,TIH01,上平,045-592-5499,045-592-4299,,,,
887,TIH2,(株)太宝商店,〒297-0001　　千葉県茂原市七渡2550-58,TIH02　　1113,高橋 様,0475-22-6651,0475-22-6652,,,,
888,TII,(有)ﾃｨｰ・ｱｲ・ｱﾝﾄﾞ・ｱｲ,〒190-1231　　東京都西多摩郡瑞穂町大字長岡長谷部219-1,TII01　　1141,田村 様宛,042-568-0125,042-568-0126,,,,
889,TIK,大興紙工（株）,〒223-0057　　神奈川県横浜市港北区新羽町2812,TIK01,*,045-543-2511,,,,,
890,TIK2,大幸紙工(株),〒144-0044　　東京都大田区本羽田3-24-2,TIK02　　1266,畝本 様宛　,03-3742-7235,03-3742-4193,,,,
891,TIM,(株)タイム,〒211-0053　川崎市中原区上小田中3-28-18-1,TIM01　　1270,上遠野 様宛,044-777-7205,044-777-7465,,,,
892,TIS,(有) 大誠製作所,東京都大田区本羽田1-22-1,TRD01,*,03-3745-3360,,,,,
893,TIY,（株）太洋,横浜市鶴見区駒岡町5-20-12,TIY01,糸川,045-583-2141,045-575-1558,,,,
894,TKD,（株）テクシアマシナリー,東京都練馬区大泉学園前7-23-15,TKD02,塚田 様宛,03-3924-2515,,,,,
895,TKH,竹花精工,長野県諏訪郡下諏訪町町屋敷2216-2,TKH01,竹花,0266-28-5715,,,,,
896,TKH2,㈱高穂,東京都八王子市中野上町2-7-6,TKH02,高穂,042-622-8271,042-622-7108,,,,
897,TKH3,タカハ機工(株),〒820-0111　　福岡県飯塚市有安958-9,TKH03　　1360,竹下 様宛,0948-82-3222,0948-82-2616,,,,
898,TKI,東海部品工業(株)　　修善寺ﾒﾃﾞｨｶﾙﾘｻｰﾁｾﾝﾀｰ,〒410-2407　　静岡県伊豆市柏久保682-1,TKI01　　1222,向井 様宛,0558-73-1355,0558-73-1356,,,,
899,TKI2,東海商事(株),〒245-0053　　神奈川県横浜市戸塚区上矢部280,TKI02　　1447,佐藤 様宛,045-812-1771,045-812-1585,,,,
900,TKK,(有)ﾃｸﾉｺﾈｯｸ,〒230-0001　　神奈川県横浜市鶴見区矢向3-25-18-405,TKK01　　1184,森 様宛,045-580-0645,045-580-0646,,,,
901,TKM,ﾄｰｷﾝﾐﾃﾞｨｱﾝ(株),〒581-0039　　大阪府八尾市太田新町7-29,TKM01　　1012,南野 様宛,072-949-1998,072-949-1996,,,,
902,TKM2,(有)機製作所,〒442-0001　　愛知県豊川市千両町宝辺2-1,TKM02　　1017,営業　　石田 様宛,0533-95-3800,0533-83-8612,,,,
903,TKM3,(株)タクミ精機製作所,〒190-0032　　東京都立川市上砂町5-58-8,TKM03　　1414,生産管理　　山田 様宛,042-536-1369,042-536-6419,,,,
904,TKN,タカノギケン株式会社,富山県富山市八尾町石戸623,TKN02,*****,*****,,,,,
905,TKN1,(株)テクノコート,宮城県黒川郡大郷町中村字谷地際5-1,SLK01 三光ﾗｲﾄ,*,022-359-4837,,,,,
906,TKO,(株)トーコー,〒194-0296　　東京都町田市小山ヶ丘2丁目2番地6,TKO01　　1253,加藤 様宛,042-798-6639,042-798-6640,,,,
907,TKP,東京プラスチックス(株),〒190-0182　　東京都西多摩郡日の出町平井34-8,TKP01　　1326,営業部　　佐々木 様宛,042-597-2440,042-597-3511,,,,
908,TKR,(株)所沢電子,埼玉県所沢市上山口１番地　　,TKR01,,04-2928-5320,04-2928-5320,,,,
909,TKT,（株）拓斗化成,横浜市港北区小机町547,TKT01,諸岡,045-472-4663,045-472-4664,,,,
910,TKT3,(有)タカテック,〒174-0041　　東京都板橋区舟渡3-22-4,TKT03　　1066,今本 様,03-5970-1408,03-5970-6591,,,,
911,TKU,（株）竹内鉱業,長野県上伊郡箕輪町中箕輪5214-11,OGR01,*,0265-79-0113,,,,,
912,TKW,（有） 常盤精工,青森県南津軽郡藤崎町大字若松字森越19-24,OOD01  奥山,*,0172-69-5466,0172-69-5467,,,,
913,TKY,(有) 武山工業,*,TKY02,*,*,,,,,
914,TKY1,タカヤ（株）,岡山県伊原市下出部町1-17-2,OGR01,通信映像事業部　ヤマモリ,0866-67-2647,,,,,
915,TKY3,高山ﾌﾟﾚｽ製作所,福岡県古賀市薬王寺字原口1736番地,TKY03,営業管理部 管理Ｇr  　佐竹 様宛,092-946-3136,092-946-3812,,,,
916,TLD,(株)ツールデザイン,〒331-0814　　埼玉県さいたま市北区東大成町1-197,TLD01　　922,吉原 様宛,048-660-3259,048-816-2720,,,,
917,TLK,トークシステム(株),〒802-0064　　福岡県北九州市小倉北区片野2-9-18,TLK01　　1269,辻 様宛,093-932-1125,093-932-1140,,,,
918,TMC,(株)東京マイクロ,〒385-0052　　長野県佐久市大字原281,TMC00　　735,生駒 様宛,0267-62-1423,0467-63-5798,,,,
919,TMK1,東名化学工業（株）,*,TMK01,高木,0297-20-0117,0297-48-9470,,,,
920,TMK,東名化学工業（株）,*,TMK01,笠井,0297-20-0117,0297-48-9470,,,,
921,TMK2,東名化学工業（株）,*,TMK01,坂本,0297-20-0117,0297-48-9470,,,,
922,TMN,東京モートロニクス(株),〒389-0206　　長野県北佐久郡御代田町御代田2797-2,TMN01　　1255,酒寄 様宛,0267-32-8515,0267-31-1088,,,,
923,TMP,(株)ティーエムパック,〒272-0805　　千葉県市川市大野町2-620-312,TMP01　　562,三浦 様,047-338-6894,047-338-6694,,,,
924,TMS,岱明精工,川崎市中原区下小田中4-7-12,ＳＬＫ01,*,044-752-6204,,,,,
925,TMS1,泰盟産業（株）　本社,川崎市中原区上丸子三王町2-1199,AMP 逢澤　A伝,横山工場,044-433-3946,,,,,
926,TMS2,泰盟産業（株）　本社,川崎市中原区上丸子三王町2-1199,TMS01,山田,044-433-3946,044-422-3228,,,,
927,TMS3,泰盟産業（株）　本社,川崎市中原区上丸子三王町2-1199,AMP 勝俣　A伝,村田,044-433-3946,,,,,
928,TMS4,泰盟産業（株）　本社,川崎市中原区上丸子三王町2-1199,AMP,有山,044-433-3946,,,,,
929,TMS0,(株)ティーエムスパイラル,横浜市都筑区川向町922-18,NRK01,営業部　峰,045-472-7878,,,,,
930,TMS5,泰盟産業㈱　島田工場,静岡県島田市中河497-1,TMS01,山田,0547-30-4800,,,,,
931,TMT,富田梱包(有),〒409-0112　　山梨県上野原市上野原3284,TMT01　　1105,富田 様宛,0554-63-0178,0554-63-4264,,,,
932,TMT2,東京メタル(株),〒111-0051　　東京都台東区蔵前4-5-10,TMT02　　1349,滝沢 様宛,03-3861-4537,03-3861-4378,,,,
933,TMZ,玉澤精機（株）,*,*,*,*,,03-5609-7363(G4),,,
934,TNG,(株)タンゴ,東京都新宿区住吉町8番10号,TNG01,谷向　様宛,03-3359-0811,03-3359-9574,,,,
935,TNK,（有） 田中精機,茨城県小美玉市上吉影749-2,TNK01,業務推進ﾏﾈｰｼﾞｬｰ　中島 久男,0299-53-0740,0299-53-0744,,,,
936,TNK2,(有)田中鉄工所,新潟県新潟市西区内野西2丁目30番1号,TNK02,製造兼営業部長　田中 様宛,025-262-2244,025-262-1129,,,,
937,TNK3,ﾀﾅｶ技工(株)AWANO,〒502-0002　　岐阜県岐阜市粟野東3-238,TNK03　　1155,田中 様宛,058-237-6668,,,,,
938,TKN4,(有)高梨製作所,山形県西村山郡河北町谷地十二堂287-4,TKN04,高梨専務,0237-72-4863,0237-72-7767,,,,
939,TNS,㈲高野ｽﾌﾟﾘﾝｸﾞ製作所,埼玉県三郷市戸ヶ崎3-639,TNS01,高野,048-955-4994,048-955-5278,,,,
940,TNX,㈱タナックス,横浜市緑区中山町320-5（志田ﾋﾞﾙ1F）,TNX01,柳瀬,045-929-2031,,,,,
941,TNX1,㈱タナックス,横浜市緑区中山町320-5（志田ﾋﾞﾙ1F）,TNX01,猿田,045-929-2031,,,,,
942,TNX2,(株)タナックス　　名古屋支店,〒461-0004　　愛知県名古屋市東区葵3-15-31　千種第2ﾋﾞﾙ 5F,TNX02　　1438,瀧 様,052-937-0651,052-937-0941,,,,
943,TOA,(株)TOUA　　東日本事業統括本部,〒169-0072　　東京都新宿区大久保2-4-12　新宿ﾗﾑﾀﾞｯｸｽﾋﾞﾙ10F,TOA01　　1301,第2ﾋﾞｼﾞﾈｽｿﾘｭｰｼｮﾝ事業部 組込ｿﾘｭｰｼｮﾝ部　竹内様宛,03-6205-5591,03-5155-6551,,,,
944,TOD1,戸田工業(株),広島県大竹市明治新開1-4,TOD01,EMCﾃﾞﾊﾞｲｽﾌﾟﾛｼﾞｪｸﾄ　定井,0827-57-3616,0827-57-3559,,,,
945,TOD2,TODA(株),〒954-0086　　新潟県見附市福島町381番地,TOD02　　1187,鈴木 様宛,0258-84-7573,0258-84-7583,,,,
946,TOH,東北ﾃｸﾄﾛﾝ（株）　,福島県いわき市好間工業団地22-1,TOH01,*,0246-36-7001,0246-36-8235,,,,
947,TOK,（株）東京千曲化成,川崎市中原区宮内1-19-29,AMP 勝俣　A伝,坂本,044-755-3066,044-755-3190,,,,
948,TOK1,（株）東京千曲化成,川崎市中原区宮内1-19-18,SLK01 三光ﾗｲﾄ,*,044-755-3066,044-755-3190,,,,
949,TOK2,（株）東京千曲化成,川崎市中原区宮内1-19-29,AMP 逢澤　A伝,製造部 生産技術課　課長 鈴木 貴之,044-755-3066,044-755-3190,,,,
950,TOK4,(有)東機製作所,〒210-0804　神奈川県川崎市川崎区藤崎1-22-4,TOK04　　1308,,044-244-1009,044-222-0992,,,,
951,TOW,東和紙工（株）,*,*,*,*,,,,,
952,TPN,(株)ﾄｯﾊﾟﾝTDKﾚｰﾍﾞﾙ,〒252-0331　　神奈川県相模原市南区大野台2-29-20,TPN01　　1121,購買課,042-759-5021,042-759-1431,,,,
953,TPT,(株)ﾄｰﾌﾟﾗﾃｸﾉ,〒329-2801　　栃木県那須塩原市関谷1195-138,TPT01　　1245,郷間 様宛,0287-35-3151,0287-35-3155,,,,
954,TRA,(株)スリーエー工業,〒333-0864　　埼玉県川口市柳根町28-11,TRA01　　1457,業務部　　　西村 様宛,048-268-3623,048-268-6474,,,,
955,TRD2,(株)テラダイ鶴ヶ島,〒350-2219　　埼玉県鶴ヶ島市三ツ木新町2-8-32,TRD02　　1375,岡 様宛,049-279-5225,049-279-5226,,,,
956,TRS,（株）テラシマ精機　野田川工場,京都府与謝郡野田川町三河内134,黒田ﾃｸﾉ（株）KRD02,嶋崎,0772-43-0737,0772-43-0732,,,,
957,TSA,(株)田崎アサヒ　東京営業所,〒130-0011　　東京都墨田区石原4-17-2,TSA01　　1214,矢部 様,03-3624-3541,03-3624-0336,,,,
958,TSB,（株）東芝　 ﾃﾞｼﾞﾀﾙﾒﾃﾞｨｱﾈｯﾄﾜｰｸ社,東京都青梅市末広町2-9(青梅事業所),TMK01  東名化学,生産・調達統括部　生産技術担当　野本　大,0428-34-4538,0428-30-7346,,,,
959,TSB1,ティー・エス・ビー(株),〒224-0044　　東京都調布市国領町5-5-1　アイクビル,TSB01　　1175,第一営業部　　江崎 様,042-442-8130,042-42-8133,,,,
960,TSH,東京精密発條（株）,東京都江戸川区平井2-18-20,,本社　江戸川工場長　武本　,03-3684-6661,03-3683-4176,,,,
961,TSH1,玉島包装（株）,岡山県倉敷市玉島黒崎4786,OGR01,*,08652-8-0749,,,,,
962,TSI,(有) トーセイ精密,長野県東御市海善寺398-2,小林精工 KBY02,*****,0268-62-2714,,,,,
963,TSJ,(有)特殊磁器,〒844-0013　　佐賀県西松浦郡有田町大野乙1940-1,TSJ01　　1045,田代 様宛,0955-42-2310,,,,,
964,TSK,(株)タック精工,〒394-0081　　長野県岡谷市長地権現町3-4-12,TKS01,井上 様宛,0266-27-6992,0266-26-1066,,,,
965,TSL,トスレック(株),〒601-8303　京都府京都市南区吉祥院西ノ庄西中町46-2,TSL01,竪田 様宛,075-314-2418,075-314-2416,,,,
966,TSP,高崎プリント(株),〒370-0871　　群馬県高崎市上豊岡町460-6,TSP01　　1061　　高崎ﾌﾟﾘﾝﾄ㈱,,027-460-4600,,,,,
967,TSP2,東新プラスチック(株),〒192-0032　　東京都八王子市石川町2972-11,TSP02　　1351,高橋 様宛,042-660-0067,042-660-0039,,,,
968,TSS,TSS株式会社　　川崎営業所,川崎市高津区坂戸3-2-1KSP西棟4F419-L,TSS01,三宅,044-299-6451,044-299-6452,,,,
969,TSS2,TSS株式会社　　相模原本社,〒252-0216　　神奈川県相模原市中央区清新8-20-25,TSS01　790,営業本部　　堀本 様宛,042-770-9167,,,,,
970,TST,ﾃｲ・ｴｽﾃｯｸ(株),〒329-1217　　栃木県塩谷郡高根沢町太田118-1,TST01  983,技術ｾﾝﾀｰ 商品開発部 電装開発課　　星 様宛,028-676-1123,028-676-3144,,,,
971,TST2,(株)ティーズトラストコーポレーション,〒460-0008　　愛知県名古屋市中区栄5-26-39 GS栄ﾋﾞﾙ3F,TST02　　1434,寺本 様,052-720-6252,,,,,
972,TTC,通菱テクニカ,尼崎市塚口本町8-1-1,TTC01,大久保,06-6495-5144,06-6495-5119,,,,
973,TTK,東京通信機材 (株)  東京本社,東京都大田区矢口1丁目23番5号,TTK01,購買課,03-3759-3311,03-3759-3606,,,,
974,TTM,ツツミ産業(株),相模原市橋本台2-5-30,TTM01,加藤,042-771-0380,042-771-0381,,,,
975,TTM2,(株)ツツミ,〒335-0004　　埼玉県蕨市中央4-24-21,TTM02　　1144,宇佐見 様宛,048-431-5507,048-431-5289,,,,
976,TTR,（株）トータル･サウンド･スタック,富山県下新川郡入善町荒又517,AMP B伝,水島,0765-72-4343,0765-74-2121,,,,
977,TTT,（株）タツタ,東大阪市新町14-30,OGR01,営業部　松浦取締役部長,0729-88-3951,,,,,
978,TUE,東栄化成（株）小諸工場,長野県小諸市大字柏木663-1,AMP A伝,萩原,0267-23-6052,,,,,
979,TUH,（株）東北電子,福島県双葉郡樽葉町大字北田字縄手下114-1,*,富塚,0240-25-2151,,,,,
980,TUH1,東北ロダン（株）,福島県安達郡大玉村玉井字築館6,OKY01,技術　石澤,03-4544-7086,03-4544-7088,,,,
981,TUH2,東北リズム㈱　第一生産本部プラ加工部,福島県会津若松市門田町大字一ノ堰字土手外168,TOH02,製造二課　中島課長,0242-28-8901,0242-28-2375,,,,
982,TUK,東工（株）,神奈川県大和市つきみ野1-1-4,AMP 勝俣　A伝,営業　梶原,046-274-5461,046-275-7784,,,,
983,TUS,東信化工（株）,川崎市中原区市ノ坪400,OTK02,狩野,044-422-5804,,,,,
984,TUW,(有) 東和パーツ,宮城県登米郡東和町錦織字雷神山12-1,SLK01 三光ﾗｲﾄ,*,0220-44-3630,,,,,
985,TUY2,東洋ユニコン(株),〒252-1121　　神奈川県綾瀬市小園841,TUY02　　589　東洋ﾕﾆｺﾝ㈱,永井 様,0467-78-2119,0467-76-7841,,,,
986,TWD3,テーダブリュ電気(株),〒224-0053　　横浜市都筑区池辺町3891番地,TWD03,脇田 様宛,045-935-3411,045-935-3420,,,,
987,TWD2,東和電気(株)　　四国支店,〒793-0010　　愛媛県西条市飯岡3496-2,TWD02　　763,山下 様,0897-53-3280,0897-53-3283,,,,
988,TWD4,東和電気(株)　　東京支店,〒105-0004　　東京都港区新橋2-13-8,TWD04　1304,須賀 様,03-3504-1520,03-3580-6020,,,,
989,TWG,東和合成工業(株)　　東京営業所,〒116-0013　東京都荒川区西日暮里2-32-19,TWG01,諏訪部 様宛,03-3805-6651,03-5811-5143,,,,
990,TYD,タイヨー電子(株),〒916-0061福井県鯖江市平井町20-3,TIY03,株田,0778-62-4545,0778-62-4566,,,,
991,TYK,（株）テイワイケイ,東京都大田区下丸子2-32-3,GOJ01,*,03-5741-5226,,,,,
992,TYK2,(株)ＴＹＫ,〒507-8607　　岐阜県多治見市大畑町3-1,TYK02　　1039,大島 様宛,0572-25-7167,0572-22-0706,,,,
993,TYM,三晶MEC（株）有金工場,*,*,生産管理課　木下,076-475-6611,076-475-1251,,,,
994,TYM1,三晶MEC（株）本社工場,*,TYM01,*,076-475-9332,,,,,
995,TYM2,三晶MEC（株）本江工場,富山県滑川市本江355-1,TYM01,生産管理　林,076-474-9007,076-474-9110,,,,
996,TYM3,三晶MEC（株）有金工場,*,*,*,076-475-6611,076-475-1251,,,,
997,TYS,立山製紙(株),〒101-0024　　東京都千代田区神田和泉町1番地2-7,TYS01　　1232,中村 様宛,03-3862-9021,,,,,
998,TYS2,立山紙工(株),〒421-0302　　静岡県榛原郡吉田町川尻1840-1,TYS02　　1451,奥田 様宛,0548-32-6371,0548-32-6903,,,,
999,UCM,(株)内村,〒520-0012　　大阪市西区立売堀3-6-10,UCM01　　947,,06-6532-4126,06-6532-4120,,,,
1000,UEN,(株)ウエノ　　南関東営業部　厚木支店,〒243-0002　　神奈川県厚木市元町7-22,UEN02　　1102,鈴木 仁　様宛,0462-24-2281,0462-24-3106,,,,
1001,UNT,(株)ユニタス,愛知県小牧市新町2-251-1,UNT01 ユニタス,伊藤 健冶,0568-77-6285,0568-73-5717,,,,
1002,UDS,内田商事(株),〒653-0014　　兵庫県神戸市長田区御蔵通5-209-4,UDS01　1005,小田 様宛,078-579-8834,078-579-8874,,,,
1003,UMZ,梅澤無線電機(株),〒982-0012　　宮城県仙台市太白区長町南4丁目25-5,UMZ01　　1336,津田 様宛,022-304-3880,022-304-3882,,,,
1004,USL,ｳｼｵﾗｲﾃｨﾝｸﾞ(株),〒679-2215　　兵庫県神崎郡福崎町西冶860-22,USL01　　1239,本池 様宛,0790-22-3945,0790-22-7470,,,,
1005,USM,(有)牛丸製作所,〒131-0041　　東京都墨田区八広4-16-15,USM01　　1350,,03-3611-2835,03-3611-2843,,,,
1006,UTR,宇都宮螺子(株),〒108-8373　　東京都港区芝4-6-5,UTR01　　1311,廣田 様宛,03-34539912,,,,,
1007,WAK,和晃(株),〒489-0926　　愛知県瀬戸市川西市1-41,WAK01　　1072,川上 様宛,0561-83-3003,0561-83-9847,,,,
1008,WDS,和田ｽﾃﾝﾚｽ工業,新潟県燕市吉田下中野1473,WDS01,購買　　渡辺 様宛,0256-92-3160,0256-92-3165,,,,
1009,WDS1,(有)和田製作所,さいたま市北区吉野町2-268-1,WDS02,和田社長 宛,048-662-2111,048-662-2113,,,,
1010,WRL,ワイヤレステクノロジー(株),〒143-0023　　東京都大田区山王2-3-10,WIR01,佐藤 様宛,03-5746-6800,03-5746-6801,,,,
1011,WKE,(株)ワカエ,〒142-0062　　東京都品川区小山2-4-28,WKE01　　1290,阿部 様宛,03-3782-7320,03-3784-1188,,,,
1012,WKS,（株）和光精機　本社,横浜市都筑区池辺町3439,WKO01,営業課　和地,045-931-0008,045-930-1901,,,,
1013,WKS1,（株）和光精機　長野工場,*,湯本 WKO01,*,026-246-5810,,,,,
1014,WKS2,（株）和光精機　新潟工場,*,田中 WKO02,*,0255-66-2001,,,,,
1015,WNS,(株)渡辺精工社,〒374-0027　　群馬県館林市富士見町16-5,WNS01　　1230,営業部　　野口 様宛,0276-75-1822,0276-75-1823,,,,
1016,WTN,渡辺化成工業（株）,*,WTN02,*,045-580-5007,045-584-5307,,,,
1017,WTY,(有)和多屋,〒192-0063　　東京都八王子市元横山町2-11-7,WTY01　　1402,,042-648-5231,042-656-2478,,,,
1018,YCM,ワイコム㈱,鳥取県鳥取市国府町新通り3-381-1,YCM01,南井所長,0827-27-3689,,,,,
1019,YDK,吉野電化工業（株）,埼玉県越谷市越ヶ谷3-6-15,YDK01,営業部　原,048-969-1111,,,,,
1020,YDK2,吉城電子工業(株),〒509-4121　　岐阜県高山市国府町宇津江2775番地,YDK02　　1302,管理部,0577-72-3921,0577-72-4353,,,,
1021,YDK3,(株)ＹＤＫ,〒221-0863　　神奈川県横浜市神奈川区羽沢町509-3,YDK03　　1415,赤尾 様宛,045-381-2281,,,,,
1022,YES,ユウエツ精機㈱ 東京支社,東京都世田谷区成城3-20-18,YES01,営業部　白川　啓一,03-3415-8011,,,,,
1023,YES1,ユウエツ精機㈱ 本社工場,〒370-2321　　群馬県富岡市岡本1248-1,YES01,大井,0274-89-1711,,,,,
1024,YFG,由布合成化学（株）,東京都大田区中央4-35-8,YFG01,*,03-3775-0130,03-3774-4723,,,,
1025,YGS,(株)山口製作所,〒947-0101　　新潟県小千谷市片貝町10245-1,YGS01　山口製作所,業務　　山口 様宛,0258-84-2308,0258-84-2080,,,,
1026,YKC,(株)ﾜｲｹｰｼｰ,〒208-0023　　東京都武蔵村山市伊奈平1-32,YKC01　　1186,営業部　　李 様宛,042-560-3511,042-560-3516,,,,
1027,YKD,山形航空電子(株),〒999-5103　　山形県新庄市泉田字高台新田4102-6,YKD01　　1370,管理部　　早森 様宛,0233-24-1124,0233-24-1151,,,,
1028,YKS,横浜金属商事(株)　神奈川事業所,相模原市津久井町長竹713-5,,比嘉　文生,042-780-7702,042-780-7716,,,,
1029,YHK,横浜金属(株),〒252-0132　　神奈川県相模原市緑区橋本台3-5-2,YHK01　　613,竹内 様宛,042-773-4411,042-774-4775,,,,
1030,YKW,(株)ヨコオ,〒370-2495　　群馬県富岡市神農原1112,YKW01　　,CTC事業部 CTC技術部　軣木 様宛,0274-62-2108,0274-62-2031,,,,
1031,YKT,横田工機(株),〒790-0067　　愛媛県松山市大手町1-7-5,YKT01　　1137,横田 典夫 様宛,089-943-8480,089-947-0831,,,,
1032,YMD,（株）山田製作所,*,YMD01,*,0763-62-0402,0402-62-2339,,,,
1033,YMD2,山田精工(株),〒946-0051　　新潟県魚沼郡今泉463番地,YMD02　　998,蓑輪,025-729-3555,025-799-3557,,,,
1034,YMG2,㈱ヤマゲン,埼玉県比企郡川島町下井草163-1,YMG02 ヤマゲン,,049-297-2269,049-297-2759,,,,
1035,YMH,ヤマハ（株）,埼玉県入間郡大井町大字亀久保1196-2,小倉貿易（株）OGR01,阿川,0492-61-3315,,,,,
1036,YIS,山一精工（株）　京都事業所,〒601-8123　　京都市南区上鳥羽南塔ノ本町12,YIS01　　1083,江口 様宛,075-692-3060,075-692-3061,,,,
1037,YMI,山一精工（株）　京都事業所,京都市南区上鳥羽南塔ノ本町12,AMP 郷原,江口,075-692-3060,075-692-3061,,,,
1038,YMI1,山一精工（株）　京都事業所,京都市南区上鳥羽南塔ノ本町12,AMP 原田　A伝,山口 武志,075-692-3060,075-692-3061,,,,
1039,YMI2,山一精工（株）　京都事業所,京都市南区上鳥羽南塔ノ本町12,AMP 勝俣　A伝,山口 武志,075-692-3060,075-692-3061,,,,
1040,YMK3,(株)山久　　彦根営業所,〒522-0055　　滋賀県彦根市野瀬町48-3,YMK03　　930,夏原　様宛,0749-22-2728,0749-23-7887,,,,
1041,YMM2,ヤマトマテリアル(株),〒135-8641　　東京都江東区木場5-8-40　東京ﾊﾟｰｸｻｲﾄﾞﾋﾞﾙ14F,YMM02　　1050,新素材事業部　　営業部,03-5639-3071,03-5639-3079,,,,
1042,YMS,山下電気株式会社,東京都品川区南品川3-4-15,AMP 逢沢　A伝,小嶋,03-3740-2421,03-3458-1907,,,,
1043,YMS1,山下マテリアル,東京都品川区南品川3-5-13,YSM01,柴田,*,*,,,,
1044,YMS2,山下マテリアル(株),〒140-0004　　東京都品川区南品川3-5-13,YMS01　　623,営業部　　加賀谷様宛,03-3474-0611,03-3474-0984,,,,
1045,YMT,やまと工業(株),〒252-0816　　神奈川県藤沢市遠藤2002-4,YMT01,伊藤 様宛,0466-88-2611,0466-88-2255,,,,
1046,YMT2,アズビル(株)　藤沢ﾃｸﾉｾﾝﾀｰ,〒251-8522　　神奈川県藤沢市川名1-12-2,YMT02,技術開発本部　基幹技術開発部　　石川 様宛,0466-52-7123,0466-20-2431,,,,
1047,YMT3,アズビル(株)　　藤沢ﾃｸﾉｾﾝﾀｰ受入,〒251-8522　　神奈川県藤沢市川名1-12-2,YMT02,技術開発本部 工程開発部 生産技術3Ｇr.　　米倉 隆裕様宛,0466-20-2310,0466-20-2431,,,,
1048,YMZ,山崎製作所,*,小林精工 KBY02,*,0268-23-7808,,,,,
1049,YND,(株)米田金属製作所,〒581-0845　　大阪府八尾市上ノ島町北5-26,YND01　　1077,米田 様宛,0729-98-1551,0729-22-8139,,,,
1050,YND2,矢野電機(株),〒105-0003　　東京都港区西新宿2-9-6,YND02　　1424,大内 様宛,03-3506-0080,03-5251-7098,,,,
1051,YNO,(株)ユニオンダイキャスティング,埼玉県入間郡三芳町上富永久保2289-10,小倉貿易（株）OGR01,*,0492-59-2431,,,,,
1052,YNO1,ユニオンエレックス（株）　岩村工場,岐阜県恵那郡岩村町富田　3029-1,松南クラフトSON01,*****,0573-43-2318,,,,,
1053,YNS,(株)矢野製作所,〒611-0042　　京都府宇治市小倉町蓮池17番地,YNS01　　1185,総務部　　九門 様宛,0774-20-4787,0774-20-4052,,,,
1054,YOK2,吉川工業(株)　　ﾊｲﾌﾟﾚｼｼﾞｮﾝ君津工場,〒299-1147　　千葉県君津市人見1038の2,YOK02　　1223,技術課　　能城 様宛,0439-52-6473,0439-52-6466,,,,
1055,YSA,(株)ﾜｲ･ｴｽ･ｴｰｼﾞｪﾝｼｰ,〒444-2122　　愛知県岡崎市鴨田本町9-3,YSA01　　1100,黒野 様宛,0564-28-2600,0564-28-2580,,,,
1056,YSD,（株）ヨシダ成形,*,TYM01,*,*,,,,,
1057,YSK,吉川化成（株）東北事業部,岩手県江刺市岩谷堂字松長根69-3,YSK01,石川,0197-35-3861,0197-35-6180,,,,
1058,YSK1,吉川化成（株）大阪事業部,大阪市鶴見区横堤5-6-34,YSK03,運保係  中辻,06-6912-7294,06-6911-0969,,,,
1059,YSM,山下マテリアル（株）ｻｰｷﾃｯｸｶﾝﾊﾟﾆｰ,神奈川県座間市小松原1-44-12,YMS01,渡辺,0462-51-3721,,,,,
1060,YSN,吉野化工,横浜市都筑区東山田町1523-3,三光産業,*****,045-593-3789,,,,,
1061,YSS,(有)野州精機,〒211-0053　川崎市中原区上小田中2-2-7,YSS02　野州精機,斉藤 様宛,044-777-6221,044-752-2536,,,,
1062,YKK,㈲吉田化成工業所,奈良県橿原市曽我町448,YKK01,,0744-22-6294,0744-25-6863,,,,
1063,YUS,㈱雄信,東京都大田区本羽田1-27-1,雄信YUS01,川村,03-5705-4171,03-5705-4173,,,,
1064,YUW,有和化学工業（有）,*****,光和精工（株）KOW01,*****,*****,,090-3099-5800,,,
1065,YKS,横浜金属商事(株)　神奈川事業所,相模原市津久井町長竹713-5,YKS02,比嘉　文生,042-780-7702,042-780-7716,,,,
1066,YSD1,㈱吉田製作所,静岡県駿東郡小山町棚頭1238番10,NGS01,山本,0550-78-1122,,,,,
1067,YZP,矢崎部品 株式会社　,静岡県牧之原市布引原206-1,YZP01,生産技術室納品受入れ,0548-27-2231,0548-27-3547,,,,
1068,ZNP,(株)ザンパック,〒102-0074　東京都千代田区九段南4-8-21,ZNP01　ｻﾞﾝﾊﾟｯｸ,本社営業部　　田中 様宛,03-5276-4161,03-5276-4498,,,,
1069,ZNP,(株)ザンパック,〒102-0074　東京都千代田区九段南4-8-21,ZNP01　ｻﾞﾝﾊﾟｯｸ,本社営業部　　田中 様宛,03-5276-4161,03-5276-4498,,,,
